date,source,n,title,text_fr,vote,votes_for,votes_against,abstentions,first_page,last_page,original_page_url,topics,euro_amounts
2026-07-22,current,6,Subvention à régulariser MVDL,,unanimous,,,,4,4,https://www.montolieu.fr/wp-content/uploads/2026/09/PV-CONSEIL-MUNICIPAL-DU-22-juillet-2026-site.pdf#page=4,Village du Livre (MVDL); subventions,300.00; 300.00
2026-07-22,current,5,Décision modificative budgétaire,,unanimous,,,,3,4,https://www.montolieu.fr/wp-content/uploads/2026/09/PV-CONSEIL-MUNICIPAL-DU-22-juillet-2026-site.pdf#page=3,finances; urbanisme,49.00; 5000.00; 5049.00
2026-07-22,current,4,"Modification de la commission culture, patrimoine, tourisme",,majority,,,,3,3,https://www.montolieu.fr/wp-content/uploads/2026/09/PV-CONSEIL-MUNICIPAL-DU-22-juillet-2026-site.pdf#page=3,"patrimoine, culture, tourisme; vie institutionnelle",
2026-07-22,current,3,Modification des indemnités de fonctions aux adjoints et conseillers délégués,,majority,,,,3,3,https://www.montolieu.fr/wp-content/uploads/2026/09/PV-CONSEIL-MUNICIPAL-DU-22-juillet-2026-site.pdf#page=3,personnel; vie institutionnelle,
2026-07-22,current,2,Modification d'un poste d'adjoint,,majority,,,,1,2,https://www.montolieu.fr/wp-content/uploads/2026/09/PV-CONSEIL-MUNICIPAL-DU-22-juillet-2026-site.pdf#page=1,"personnel; patrimoine, culture, tourisme; vie institutionnelle",
2026-07-22,current,1,Approbation du PV du 26/06/2026,,unanimous,,,,1,1,https://www.montolieu.fr/wp-content/uploads/2026/09/PV-CONSEIL-MUNICIPAL-DU-22-juillet-2026-site.pdf#page=1,vie institutionnelle,
2026-06-26,current,4,Composition de la ccid,,,,,,2,2,https://www.montolieu.fr/wp-content/uploads/2026/07/CR-CONSEIL-MUNICIPAL-DU-26-juin-2026.pdf#page=2,,
2026-06-26,current,3,Modification de la régie piscine municipale,,unanimous,,,,2,2,https://www.montolieu.fr/wp-content/uploads/2026/07/CR-CONSEIL-MUNICIPAL-DU-26-juin-2026.pdf#page=2,,8000.00; 11000.00
2026-06-26,current,2,Redevance d'occupation du domaine public : appartement n°2 Maternelle,,unanimous,,,,1,1,https://www.montolieu.fr/wp-content/uploads/2026/07/CR-CONSEIL-MUNICIPAL-DU-26-juin-2026.pdf#page=1,,530.00
2026-06-26,current,1,Approbation du PV du 05/06/2026,,unanimous,,,,1,1,https://www.montolieu.fr/wp-content/uploads/2026/07/CR-CONSEIL-MUNICIPAL-DU-26-juin-2026.pdf#page=1,vie institutionnelle,
2026-06-05,current,9,Questions diverses s’il y a,,,,,,7,8,https://www.montolieu.fr/wp-content/uploads/2026/07/PV-CONSEIL-MUNICIPAL-DU-05-juin-2026.pdf#page=7,voirie et travaux,
2026-06-05,current,8,Demande de prêt,,unanimous,,,,4,5,https://www.montolieu.fr/wp-content/uploads/2026/07/PV-CONSEIL-MUNICIPAL-DU-05-juin-2026.pdf#page=4,finances,26000.00; 225000.00; 225000.00; 125000.00; 100000.00; 200000.00; 125000.00; 100000.00; 100000.00
2026-06-05,current,7,Composition de la ccid,,unanimous,,,,3,4,https://www.montolieu.fr/wp-content/uploads/2026/07/PV-CONSEIL-MUNICIPAL-DU-05-juin-2026.pdf#page=3,vie institutionnelle,
2026-06-05,current,6,Modification des indemnites des elus,,majority,,,,3,3,https://www.montolieu.fr/wp-content/uploads/2026/07/PV-CONSEIL-MUNICIPAL-DU-05-juin-2026.pdf#page=3,personnel; vie institutionnelle; voirie et travaux,
2026-06-05,current,5,Création des postes saisonniers,,unanimous,,,,2,3,https://www.montolieu.fr/wp-content/uploads/2026/07/PV-CONSEIL-MUNICIPAL-DU-05-juin-2026.pdf#page=2,personnel,
2026-06-05,current,4,Mode de scrutin,,majority,,,,2,2,https://www.montolieu.fr/wp-content/uploads/2026/07/PV-CONSEIL-MUNICIPAL-DU-05-juin-2026.pdf#page=2,vie institutionnelle,
2026-06-05,current,3,Mise en place du bureau de vote,,,,,,1,2,https://www.montolieu.fr/wp-content/uploads/2026/07/PV-CONSEIL-MUNICIPAL-DU-05-juin-2026.pdf#page=1,,
2026-06-05,current,2,Désignation des délégués et des suppléants pour les élections sénatoriales (Décret no 2026-,,,,,,1,1,https://www.montolieu.fr/wp-content/uploads/2026/07/PV-CONSEIL-MUNICIPAL-DU-05-juin-2026.pdf#page=1,vie institutionnelle,
2026-06-05,current,1,Approbation du PV du 30/04/2026,,unanimous,,,,1,1,https://www.montolieu.fr/wp-content/uploads/2026/07/PV-CONSEIL-MUNICIPAL-DU-05-juin-2026.pdf#page=1,vie institutionnelle,
2026-04-30,current,2,Avancement de grade : Creation des grades correspondant dans le tableau des effectifs,,unanimous,,,,5,6,https://www.montolieu.fr/wp-content/uploads/2026/06/PV-du-CONSEIL-MUNICIPAL-DU-30-avril-2026.pdf#page=5,personnel,
2026-04-30,current,1,Approbation du PV du conseil municipal du 13 avril 2026,,unanimous,,,,1,1,https://www.montolieu.fr/wp-content/uploads/2026/06/PV-du-CONSEIL-MUNICIPAL-DU-30-avril-2026.pdf#page=1,vie institutionnelle,
2026-04-13,current,12,Representant pour les syndicats,,unanimous,,,,8,8,https://www.montolieu.fr/wp-content/uploads/2026/05/CRCM-DU-13-avril-2026-SITE-INTERNET.pdf#page=8,intercommunalité; vie institutionnelle; voirie et travaux,
2026-04-13,current,11,Coût final de l’operation (ht) financements montants pourcentage,,majority,,,,7,7,https://www.montolieu.fr/wp-content/uploads/2026/05/CRCM-DU-13-avril-2026-SITE-INTERNET.pdf#page=7,voirie et travaux,5665.43; 3538.00; 7523.00; 13489.00; 7554.09; 37769.52
2026-04-13,current,10,Mobilisation du fpic,,,,,,7,7,https://www.montolieu.fr/wp-content/uploads/2026/05/CRCM-DU-13-avril-2026-SITE-INTERNET.pdf#page=7,,3538.00; 7523.00; 18335.00; 3538.00; 7523.00; 13489.00; 4846.00
2026-04-13,current,9,Etore-lortholary,,majority,,,,6,7,https://www.montolieu.fr/wp-content/uploads/2026/05/CRCM-DU-13-avril-2026-SITE-INTERNET.pdf#page=6,subventions; associations et vie locale,4000.00
2026-04-13,current,8,Trail saint roch,,majority,,,,6,6,https://www.montolieu.fr/wp-content/uploads/2026/05/CRCM-DU-13-avril-2026-SITE-INTERNET.pdf#page=6,,400.00; 100.00; 500.00; 500.00; 500.00; 500.00; 28575.00; 29275.00; 34157.50; 24270.00; 30770.00
2026-04-13,current,7,Demande de subvention 2026,,,,,,4,6,https://www.montolieu.fr/wp-content/uploads/2026/05/CRCM-DU-13-avril-2026-SITE-INTERNET.pdf#page=4,subventions,700.00; 700.00; 700.00; 700.00; 600.00; 600.00; 1000.00; 1000.00; 50.00; 50.00; 0.00; 30.00; 30.00; 0.00; 0.00; 150.00; 0.00; 300.00; 200.00; 800.00; 800.00; 400.00; 400.00; 250.00; 250.00; 250.00; 250.00; 200.00; 200.00; 400.00; 300.00; 120.00; 120.00; 120.00; 120.00; 800.00; 1100.00; 3000.00; 1100.00; 300.00; 300.00; 300.00; 300.00; 300.00; 300.00; 300.00; 300.00; 0.00; 75.00; 75.00; 0.00; 300.00; 300.00; 500.00; 500.00; 500.00; 300.00; 600.00; 600.00; 1000.00; 600.00; 100.00; 0.00; 5000.00; 5000.00; 5000.00; 5000.00; 1500.00; 1500.00; 1500.00; 1500.00; 37.50; 0.00; 600.00; 600.00; 600.00; 600.00; 50.00; 50.00; 0.00; 1000.00; 1000.00; 10500.00; 10700.00; 10500.00; 4500.00; 3000.00; 3000.00; 4000.00; 3000.00; 100.00; 100.00; 100.00; 100.00; 450.00; 450.00; 450.00; 450.00; 900.00; 900.00; 1000.00; 1000.00; 300.00; 300.00; 300.00; 150.00; 150.00; 150.00; 150.00
2026-04-13,current,6,Tarif prestations de service 2026,,unanimous,,,,4,4,https://www.montolieu.fr/wp-content/uploads/2026/05/CRCM-DU-13-avril-2026-SITE-INTERNET.pdf#page=4,,25.00; 55.00
2026-04-13,current,5,Piscine – Tarif groupe enfants,,unanimous,,,,3,4,https://www.montolieu.fr/wp-content/uploads/2026/05/CRCM-DU-13-avril-2026-SITE-INTERNET.pdf#page=3,,1.50; 1.50; 1000.00; 100.00; 1000.00; 350.00; 55.00; 55.00
2026-04-13,current,4,Piscine - Forfait mensuel camping,,unanimous,,,,3,3,https://www.montolieu.fr/wp-content/uploads/2026/05/CRCM-DU-13-avril-2026-SITE-INTERNET.pdf#page=3,,700.00
2026-04-13,current,3,Tarifs piscine 2026 entrees,,majority,,,,2,3,https://www.montolieu.fr/wp-content/uploads/2026/05/CRCM-DU-13-avril-2026-SITE-INTERNET.pdf#page=2,,3.50; 1.00; 30.00; 9.00; 3.50; 2.00; 31.50; 18.00; 5.00; 3.00; 45.00; 27.00; 50000.00; 2.00
2026-04-13,current,2,Etat des taxes,,unanimous,,,,1,2,https://www.montolieu.fr/wp-content/uploads/2026/05/CRCM-DU-13-avril-2026-SITE-INTERNET.pdf#page=1,finances,
2026-04-13,current,1,Approbation du PV du conseil municipal du 1 avril 2026,,unanimous,,,,1,1,https://www.montolieu.fr/wp-content/uploads/2026/05/CRCM-DU-13-avril-2026-SITE-INTERNET.pdf#page=1,vie institutionnelle,
2026-04-01,current,7,Constitution du CCAS,,majority,,,,5,5,https://www.montolieu.fr/wp-content/uploads/2026/04/CRCM-DU-01-avril-2026-site-internet.pdf#page=5,,
2026-04-01,current,6,Designation dans les commissions et organismes,,majority,,,,3,5,https://www.montolieu.fr/wp-content/uploads/2026/04/CRCM-DU-01-avril-2026-site-internet.pdf#page=3,vie institutionnelle; intercommunalité; voirie et travaux,
2026-04-01,current,5,Delegations du conseil municipal au maire,,majority,,,,2,3,https://www.montolieu.fr/wp-content/uploads/2026/04/CRCM-DU-01-avril-2026-site-internet.pdf#page=2,,
2026-04-01,current,4,Étoré-lortholary),,,,,,2,2,https://www.montolieu.fr/wp-content/uploads/2026/04/CRCM-DU-01-avril-2026-site-internet.pdf#page=2,,
2026-04-01,current,3,Indemnites de fonction des elus,,majority,,,,2,2,https://www.montolieu.fr/wp-content/uploads/2026/04/CRCM-DU-01-avril-2026-site-internet.pdf#page=2,personnel; vie institutionnelle,
2026-04-01,current,2,Fonctions deleguees aux adjoints et conseillers,,,,,,1,2,https://www.montolieu.fr/wp-content/uploads/2026/04/CRCM-DU-01-avril-2026-site-internet.pdf#page=1,"personnel; vie institutionnelle; patrimoine, culture, tourisme",
2026-04-01,current,1,Approbation du PV du conseil municipal du 28 mars 2026,,unanimous,,,,1,1,https://www.montolieu.fr/wp-content/uploads/2026/04/CRCM-DU-01-avril-2026-site-internet.pdf#page=1,vie institutionnelle,
2026-03-28,current,5,Approbation du PV du conseil municipal du 09 mars 2026,,majority,,,,3,3,https://www.montolieu.fr/wp-content/uploads/2026/04/CRCM-28-mars-2026-site-internet.pdf#page=3,vie institutionnelle,
2026-03-28,current,4,Lecture de la charte de l’elu local,,majority,,,,2,3,https://www.montolieu.fr/wp-content/uploads/2026/04/CRCM-28-mars-2026-site-internet.pdf#page=2,,150.00
2026-03-28,current,3,Election des adjoints,,,,,,2,2,https://www.montolieu.fr/wp-content/uploads/2026/04/CRCM-28-mars-2026-site-internet.pdf#page=2,personnel,
2026-03-28,current,2,Fixation du nombre d’adjoints,,unanimous,,,,2,2,https://www.montolieu.fr/wp-content/uploads/2026/04/CRCM-28-mars-2026-site-internet.pdf#page=2,personnel,
2026-03-28,current,1,Election du maire,,,,,,1,2,https://www.montolieu.fr/wp-content/uploads/2026/04/CRCM-28-mars-2026-site-internet.pdf#page=1,,
2026-03-09,current,4,Demande d’avance sur subvention pour l’association trail st roch,,unanimous,,,,7,7,https://www.montolieu.fr/wp-content/uploads/2026/04/CRCM-09-03-2026-site-internet.pdf#page=7,subventions; associations et vie locale,400.00; 300.00; 300.00
2026-03-09,current,3,Clôture du projet PLU avant demarrage des consultations,,,,,,6,7,https://www.montolieu.fr/wp-content/uploads/2026/04/CRCM-09-03-2026-site-internet.pdf#page=6,urbanisme,
2026-03-09,current,2,Approbation des comptes 2025 des budgets de la commune,,majority,,,,1,6,https://www.montolieu.fr/wp-content/uploads/2026/04/CRCM-09-03-2026-site-internet.pdf#page=1,finances,1800.00; 100.00; 1700.00; 400.00; 200.00; 3422.01; 1822.01; 17247.72; 1822.01
2026-03-09,current,1,Approbation du proces verbal du conseil du 8 janvier 2026,,unanimous,,,,1,1,https://www.montolieu.fr/wp-content/uploads/2026/04/CRCM-09-03-2026-site-internet.pdf#page=1,,
2026-01-08,current,4,Demande d’avance sur subvention pour les journees mondiales de l’art,,unanimous,,,,2,3,https://www.montolieu.fr/wp-content/uploads/2026/03/CRCM-8-01-2026-site-internet.pdf#page=2,subventions; associations et vie locale,200.00; 500.00; 200.00
2026-01-08,current,3,Acquisition bien sans maitre,,unanimous,,,,2,2,https://www.montolieu.fr/wp-content/uploads/2026/03/CRCM-8-01-2026-site-internet.pdf#page=2,urbanisme,
2026-01-08,current,2,Approbation du plan d’amenagement et de developpement durable (padd),,majority,,,,1,2,https://www.montolieu.fr/wp-content/uploads/2026/03/CRCM-8-01-2026-site-internet.pdf#page=1,urbanisme,
2026-01-08,current,1,Approbation du proces verbal du conseil du 27 novembre 2025,,unanimous,,,,1,1,https://www.montolieu.fr/wp-content/uploads/2026/03/CRCM-8-01-2026-site-internet.pdf#page=1,,
2025-11-27,current,14,Signaletique a partir d’un cheminement debutant au parking st roch,,majority,,,,7,7,https://www.montolieu.fr/wp-content/uploads/2026/01/CRCM-27-11-2025-site-internet.pdf#page=7,"patrimoine, culture, tourisme; Village du Livre (MVDL); musée Cérès Franco",
2025-11-27,current,13,Avis cst sur le financement de la complementaire sante des agents communaux,,,,,,7,7,https://www.montolieu.fr/wp-content/uploads/2026/01/CRCM-27-11-2025-site-internet.pdf#page=7,personnel,
2025-11-27,current,12,Autorisation d’engager les depenses 2026 dans l’attente du vote du budget,,unanimous,,,,6,7,https://www.montolieu.fr/wp-content/uploads/2026/01/CRCM-27-11-2025-site-internet.pdf#page=6,finances,154461.00
2025-11-27,current,11,Livre et des arts,,unanimous,,,,6,6,https://www.montolieu.fr/wp-content/uploads/2026/01/CRCM-27-11-2025-site-internet.pdf#page=6,Village du Livre (MVDL); associations et vie locale,5000.00
2025-11-27,current,10,Proposition du credit agricole du languedoc,,unanimous,,,,6,6,https://www.montolieu.fr/wp-content/uploads/2026/01/CRCM-27-11-2025-site-internet.pdf#page=6,,450000.00; 1125.00
2025-11-27,current,9,Renouvellement de la ligne de tresorerie pour 2026,,,,,,6,6,https://www.montolieu.fr/wp-content/uploads/2026/01/CRCM-27-11-2025-site-internet.pdf#page=6,finances; voirie et travaux,450000.00
2025-11-27,current,8,Total recettes reelles,,majority,,,,5,6,https://www.montolieu.fr/wp-content/uploads/2026/01/CRCM-27-11-2025-site-internet.pdf#page=5,finances,
2025-11-27,current,7,Déjà realisé au,,,,,,5,5,https://www.montolieu.fr/wp-content/uploads/2026/01/CRCM-27-11-2025-site-internet.pdf#page=5,finances,
2025-11-27,current,6,Total budget,,,,,,4,5,https://www.montolieu.fr/wp-content/uploads/2026/01/CRCM-27-11-2025-site-internet.pdf#page=4,finances,9000.00; 6225.00; 10000.00; 123672.47; 951289.94; 237471.47; 999374.00
2025-11-27,current,5,Budget rectificatif,,,,,,4,4,https://www.montolieu.fr/wp-content/uploads/2026/01/CRCM-27-11-2025-site-internet.pdf#page=4,finances,65878.75; 55347.10; 30000.00; 13948.45; 14060.00; 71989.00; 60084.54; 69283.00; 73685520.50; 625935.80; 706540.00; 74156907.00; 149557.41; 158020.00; 119760.00; 109926.36; 117644.96; 38850.00; 38898.91; 38900.00; 1103026.50; 998351.47; 1104447.96; 0.00; 0.00; 0.00; 0.00; 0.00; 0.00; 334388.87; 264456.62; 317734.00; 543450.00; 460983.04; 549900.00; 127183.90; 97652.49; 132790.58; 28486.63; 21138.08; 23974.63; 300.00; 257.38; 300.00; 50858195.61; 1104447.96
2025-11-27,current,4,Plan de financement des travaux de voiries et integration dans le budget,,majority,,,,3,3,https://www.montolieu.fr/wp-content/uploads/2026/01/CRCM-27-11-2025-site-internet.pdf#page=3,voirie et travaux; finances,70848.00; 7500.00; 50000.00; 116.16; 25858.00; 112200.64; 58615.00; 132027.43; 39076.00; 50000.00; 96537.00; 244228.00; 244228.00; 19142.56; 6224.60; 21362.04; 7523.00; 18335.00; 992.72; 9414.72; 41497.32; 41497.32
2025-11-27,current,3,Demande de subvention a carcassonne agglo pour les travaux de la piscine,,unanimous,,,,2,3,https://www.montolieu.fr/wp-content/uploads/2026/01/CRCM-27-11-2025-site-internet.pdf#page=2,subventions; voirie et travaux,244228.07; 58614.74; 39076.00
2025-11-27,current,2,Plan local d’urbanisme avant phase de consultation,,,,,,1,2,https://www.montolieu.fr/wp-content/uploads/2026/01/CRCM-27-11-2025-site-internet.pdf#page=1,urbanisme,
2025-11-27,current,1,Approbation du proces verbal du conseil du 27 octobre 2025,,unanimous,,,,1,1,https://www.montolieu.fr/wp-content/uploads/2026/01/CRCM-27-11-2025-site-internet.pdf#page=1,,
2025-10-27,current,9,Attribution du lot 3 des travaux de l’eglise : Lot plâtrerie,,unanimous,,,,8,8,https://www.montolieu.fr/wp-content/uploads/2025/12/CRCM-27102025-site.pdf#page=8,voirie et travaux; église Saint-André,26864.12; 29625.00; 104525.12; 104525.12
2025-10-27,current,8,Installation d’une borne de recharge pour vehicule electrique,,unanimous,,,,8,8,https://www.montolieu.fr/wp-content/uploads/2025/12/CRCM-27102025-site.pdf#page=8,,
2025-10-27,current,7,Pour la coopérative musée ceres franco,,unanimous,,,,8,8,https://www.montolieu.fr/wp-content/uploads/2025/12/CRCM-27102025-site.pdf#page=8,musée Cérès Franco,606.18; 303.09; 606.18
2025-10-27,current,6,Projet educatif de territoire de carcassonne agglo,,unanimous,,,,6,7,https://www.montolieu.fr/wp-content/uploads/2025/12/CRCM-27102025-site.pdf#page=6,,
2025-10-27,current,5,Schema d’amenagement et de gestion des eaux (sage) aude et cotiers audois,,unanimous,,,,6,6,https://www.montolieu.fr/wp-content/uploads/2025/12/CRCM-27102025-site.pdf#page=6,voirie et travaux,
2025-10-27,current,4,Photovoltaîque de nouvenergie et le projet agrivolatîque de guitard,,rejected,,,,4,6,https://www.montolieu.fr/wp-content/uploads/2025/12/CRCM-27102025-site.pdf#page=4,urbanisme,
2025-10-27,current,3,Cooperative musee ceres franco,,rejected,,,,2,4,https://www.montolieu.fr/wp-content/uploads/2025/12/CRCM-27102025-site.pdf#page=2,voirie et travaux; musée Cérès Franco,484000.00; 294000.00; 487000.00; 500000.00; 56000.00; 46400.00; 60000.00; 40600.00; 29000.00; 116000.00; 116000.00; 29000.00
2025-10-27,current,2,Reconduction contrat d’assurance smacl,,unanimous,,,,2,2,https://www.montolieu.fr/wp-content/uploads/2025/12/CRCM-27102025-site.pdf#page=2,,16816.93; 15418.93; 14909.51; 15418.93; 1648.71; 2486.56; 410.45; 475.98; 107.45; 92.95; 300.00; 10593.19; 750.00; 9677.27; 1500.00; 9373.66; 300.00; 3168.25; 600.00; 2688.17; 900.00; 2480.36; 569.77; 15137.10; 9802.36; 3168.13
2025-10-27,current,1,Approbation du proces verbal du conseil du 25 septembre 2025,,majority,,,,1,2,https://www.montolieu.fr/wp-content/uploads/2025/12/CRCM-27102025-site.pdf#page=1,vie institutionnelle,
2025-09-25,current,15,Avis pour lancement des études pour un projet d’agrivoltaïque sur le domaine de villeneuve,,majority,,,,8,8,https://www.montolieu.fr/wp-content/uploads/2025/10/CRCM-25092025-site.pdf#page=8,,
2025-09-25,current,14,Relance du marche pour la modification du liner de la pisicine et la reparation des filtres,,,,,,8,8,https://www.montolieu.fr/wp-content/uploads/2025/10/CRCM-25092025-site.pdf#page=8,associations et vie locale,244228.07; 58614.74; 39076.00
2025-09-25,current,13,Financement de la complementaire sante des agents communaux,,unanimous,,,,7,8,https://www.montolieu.fr/wp-content/uploads/2025/10/CRCM-25092025-site.pdf#page=7,personnel,15.00; 15.00
2025-09-25,current,12,Communauté d’ agglomeration du grand narbonne au cdg11,,unanimous,,,,7,7,https://www.montolieu.fr/wp-content/uploads/2025/10/CRCM-25092025-site.pdf#page=7,intercommunalité,
2025-09-25,current,11,Cyclotourisme : Autorisation de passage et de balisage,,unanimous,,,,6,7,https://www.montolieu.fr/wp-content/uploads/2025/10/CRCM-25092025-site.pdf#page=6,"patrimoine, culture, tourisme",
2025-09-25,current,10,Avis sur le projet de ppri,,unanimous,,,,6,6,https://www.montolieu.fr/wp-content/uploads/2025/10/CRCM-25092025-site.pdf#page=6,environnement et risques,
2025-09-25,current,9,Sollicitation de don pour aude solidarite dans le cadre des incendies dans les corbieres,,unanimous,,,,6,6,https://www.montolieu.fr/wp-content/uploads/2025/10/CRCM-25092025-site.pdf#page=6,environnement et risques,500.00
2025-09-25,current,8,Mobilisation du fpic pour les operations d’investissement,,majority,,,,5,6,https://www.montolieu.fr/wp-content/uploads/2025/10/CRCM-25092025-site.pdf#page=5,voirie et travaux,8700.00; 16063.00; 19651.00; 44414.00; 12835.00; 17690.00; 14152.00; 8035.00; 6428.00; 128139.57; 22696.00; 1138.00; 12835.00
2025-09-25,current,7,Cheminement pietonnier vers la coopérative musée ceres franco,,majority,,,,4,5,https://www.montolieu.fr/wp-content/uploads/2025/10/CRCM-25092025-site.pdf#page=4,voirie et travaux; musée Cérès Franco,400000.00; 80000.00
2025-09-25,current,6,Modification des tranches de quotient familial pour les tarifs de la cantines colaire,,unanimous,,,,3,4,https://www.montolieu.fr/wp-content/uploads/2025/10/CRCM-25092025-site.pdf#page=3,école et enfance,750.00; 800.00; 1.00; 850.00; 850.00; 2.00; 850.00; 850.00; 3.00
2025-09-25,current,5,Camping a la ferme,,,,,,3,3,https://www.montolieu.fr/wp-content/uploads/2025/10/CRCM-25092025-site.pdf#page=3,,
2025-09-25,current,4,Oap mobilite,,majority,,,,2,2,https://www.montolieu.fr/wp-content/uploads/2025/10/CRCM-25092025-site.pdf#page=2,,
2025-09-25,current,3,Vote de la quatrieme version du padd,,majority,,,,2,2,https://www.montolieu.fr/wp-content/uploads/2025/10/CRCM-25092025-site.pdf#page=2,,
2025-09-25,current,2,Mise en place d’une video protection en location,,majority,,,,2,2,https://www.montolieu.fr/wp-content/uploads/2025/10/CRCM-25092025-site.pdf#page=2,,37840.80; 859.00; 749.00; 598.00; 598.00
2025-09-25,current,1,Approbation du proces verbal du conseil du 24 juin 2025,,unanimous,,,,1,2,https://www.montolieu.fr/wp-content/uploads/2025/10/CRCM-25092025-site.pdf#page=1,,
2025-06-24,current,10,Demande de subvention exceptionnelle de la cooperative scolaire,,majority,,,,6,6,https://www.montolieu.fr/wp-content/uploads/2025/10/CRCM-24062025-site-internet.pdf#page=6,subventions; école et enfance,380.00; 380.00
2025-06-24,current,9,Renouvellement du contrat d’assurance de la commune,,unanimous,,,,6,6,https://www.montolieu.fr/wp-content/uploads/2025/10/CRCM-24062025-site-internet.pdf#page=6,,
2025-06-24,current,8,Amenagement du boulodrome,,unanimous,,,,5,5,https://www.montolieu.fr/wp-content/uploads/2025/10/CRCM-24062025-site-internet.pdf#page=5,,9685.20; 1320.00
2025-06-24,current,7,Engagement sur les marches mutualises de carcassonne agglo,,unanimous,,,,5,5,https://www.montolieu.fr/wp-content/uploads/2025/10/CRCM-24062025-site-internet.pdf#page=5,associations et vie locale,
2025-06-24,current,6,Controle des points d’eau incendie (pie),,unanimous,,,,4,5,https://www.montolieu.fr/wp-content/uploads/2025/10/CRCM-24062025-site-internet.pdf#page=4,voirie et travaux; environnement et risques,
2025-06-24,current,5,Decision sur chemin ruraux dans le cadre de la demarche de classement des voies communales,,unanimous,,,,4,4,https://www.montolieu.fr/wp-content/uploads/2025/10/CRCM-24062025-site-internet.pdf#page=4,voirie et travaux; associations et vie locale,
2025-06-24,current,4,Relance de marche public lot 3 infructueux de l’eglise,,unanimous,,,,3,4,https://www.montolieu.fr/wp-content/uploads/2025/10/CRCM-24062025-site-internet.pdf#page=3,église Saint-André; associations et vie locale,
2025-06-24,current,3,Arbitrage concernant le reglement du PLU,,unanimous,,,,2,3,https://www.montolieu.fr/wp-content/uploads/2025/10/CRCM-24062025-site-internet.pdf#page=2,urbanisme,
2025-06-24,current,2,Vote de la troisieme version du padd,,majority,,,,2,2,https://www.montolieu.fr/wp-content/uploads/2025/10/CRCM-24062025-site-internet.pdf#page=2,,
2025-06-24,current,1,Approbation du proces verbal du conseil du 27 mai 2025,,unanimous,,,,1,2,https://www.montolieu.fr/wp-content/uploads/2025/10/CRCM-24062025-site-internet.pdf#page=1,,
2025-05-27,current,10,Marché de la piscine,,unanimous,,,,10,10,https://www.montolieu.fr/wp-content/uploads/2025/07/CRCM-27-05-2025-site-internet.pdf#page=10,associations et vie locale; voirie et travaux,
2025-05-27,current,9,Demande de subvention de l'association Le rêve du martinet,,majority,,,,8,9,https://www.montolieu.fr/wp-content/uploads/2025/07/CRCM-27-05-2025-site-internet.pdf#page=8,associations et vie locale; subventions; Village du Livre (MVDL),200.00; 31500.00; 31275.00; 225.00; 100.00; 100.00
2025-05-27,current,8,Relance de marche public lot 3 infructueux de l’eglise,,,,,,8,8,https://www.montolieu.fr/wp-content/uploads/2025/07/CRCM-27-05-2025-site-internet.pdf#page=8,associations et vie locale; église Saint-André,
2025-05-27,current,7,Admission en non-valeur de créances éteintes,,unanimous,,,,7,8,https://www.montolieu.fr/wp-content/uploads/2025/07/CRCM-27-05-2025-site-internet.pdf#page=7,,4619.32; 4619.32
2025-05-27,current,6,Décision modificative budget,,unanimous,,,,6,7,https://www.montolieu.fr/wp-content/uploads/2025/07/CRCM-27-05-2025-site-internet.pdf#page=6,finances,
2025-05-27,current,5,St martin le viel et d’un cheminement pietonnier,,unanimous,,,,6,6,https://www.montolieu.fr/wp-content/uploads/2025/07/CRCM-27-05-2025-site-internet.pdf#page=6,,3456.00
2025-05-27,current,4,Decision sur chemin ruraux dans le cadre de la demarche de classement des voies communales,,unanimous,,,,3,6,https://www.montolieu.fr/wp-content/uploads/2025/07/CRCM-27-05-2025-site-internet.pdf#page=3,voirie et travaux; urbanisme; associations et vie locale,
2025-05-27,current,3,Questions a trancher dans le cadre des travaux du PLU,,majority,,,,2,3,https://www.montolieu.fr/wp-content/uploads/2025/07/CRCM-27-05-2025-site-internet.pdf#page=2,urbanisme; voirie et travaux,
2025-05-27,current,2,Avis sur le document cadre de l'Aude régulant l'installation de centrales solaires au sol,,majority,,,,2,2,https://www.montolieu.fr/wp-content/uploads/2025/07/CRCM-27-05-2025-site-internet.pdf#page=2,,
2025-05-27,current,1,Approbation du Procès-Verbal du Conseil du 14 avril 2025,,unanimous,,,,1,1,https://www.montolieu.fr/wp-content/uploads/2025/07/CRCM-27-05-2025-site-internet.pdf#page=1,,
2025-04-14,current,6,Clim musee,,majority,,,,5,7,https://www.montolieu.fr/wp-content/uploads/2025/05/CRCM-14-AVRIL-2025-site-internet.pdf#page=5,finances; subventions; associations et vie locale,52704.00; 787602226.37; 721624.12; 229665.82; 68229665.82; 82951289.94; 622.01; 14889.58; 520.00; 200.00; 2002.01; 400.00; 700.00; 3102.01; 3622.01; 200.00; 3422.01; 3422.01; 3622.01; 3622.01; 20596.26; 10102.34; 2379.94; 14889.58; 2379.94; 14889.58; 10493.92; 0.00; 2015.72; 12509.64; 0.00; 14889.58; 14889.58; 10493.92; 10102.34; 10493.92; 10102.34; 10102.34; 10493.92; 10102.34; 10493.92; 20596.26; 20596.26; 17247.72; 17247.72; 179200.14; 161952.42; 328536.00; 328536.00; 0.00; 0.00; 507736.14; 490488.42; 507736.14; 507736.14; 328536.00; 328536.00; 179200.14; 179200.14; 507736.14; 507736.14; 507736.14; 507736.14
2025-04-14,current,5,Terrain saint roch,,,,,,5,5,https://www.montolieu.fr/wp-content/uploads/2025/05/CRCM-14-AVRIL-2025-site-internet.pdf#page=5,,31789.20; 3600.00; 423747.84; 11887.31; 0.00; 51476.59; 36248.59; 2146.80; 13094.40; 22946.34; 6000.00; 6000.00
2025-04-14,current,4,Budget general et budgets annexes,,,,,,2,5,https://www.montolieu.fr/wp-content/uploads/2025/05/CRCM-14-AVRIL-2025-site-internet.pdf#page=2,finances; subventions; voirie et travaux,4000.00; 55347.10; 1500.00; 7500.00; 7000.00; 1098026.50; 1027533.19; 70493.31; 328412.66; 30000.00; 543450.00; 71989.00; 0.00; 685520.50; 127183.90; 156907.00; 28486.63; 119760.00; 0.00; 33850.00; 1027533.19; 1098026.50; 1500.00; 0.00; 7370.00; 0.00; 55347.10; 6276.21; 70493.31; 6588159.00; 1098026.50; 1098026.50; 951289.94; 15618.00; 223901.63; 82025.75; 101708.26; 21754.00; 568832.95; 602226.37; 721624.12; 894442.84; 229665.82; 0.00; 0.00; 1500.00; 0.00; 0.00; 55347.10; 229665.82; 56847.10; 951289.94; 951289.94; 116712.00; 1098026.50; 951289.94; 15618.00; 11298.00; 15618.00; 82025.75; 17498.08; 82025.75; 7000.00; 14754.00; 14754.00; 21754.00; 468.00
2025-04-14,current,3,attribution de compensation 2025,,majority,,,,2,2,https://www.montolieu.fr/wp-content/uploads/2025/05/CRCM-14-AVRIL-2025-site-internet.pdf#page=2,,
2025-04-14,current,2,Du deploiement du reseau basse frequence,,unanimous,,,,1,2,https://www.montolieu.fr/wp-content/uploads/2025/05/CRCM-14-AVRIL-2025-site-internet.pdf#page=1,voirie et travaux; intercommunalité,
2025-04-14,current,1,Approbation du proces verbal du conseil du 27 mars 2025,,unanimous,,,,1,1,https://www.montolieu.fr/wp-content/uploads/2025/05/CRCM-14-AVRIL-2025-site-internet.pdf#page=1,,3000.00; 3000.00
2025-03-27,current,13,Amicale montolivaine st-roch,,,,,,9,10,https://www.montolieu.fr/wp-content/uploads/2025/04/CRCM-27-03-2025-1-site-internet.pdf#page=9,finances,1096225.50; 962455.74; 332412.66; 30000.00; 539450.00; 71989.00; 0.00; 682999.50; 127183.90; 157626.00; 28486.63; 119760.00; 0.00; 33850.00; 1027533.19; 1096224.50; 1500.00; 0.00; 7370.00; 0.00; 53545.10; 6276.21; 68691.31; 0.00; 1096224.50; 1096224.50; 15618.00; 223901.63; 82025.75; 116276.06; 21754.00; 567232.95; 613392.17; 732789.92; 907410.64; 229665.82; 0.00; 0.00; 1500.00; 0.00; 0.00; 53545.10; 229665.82; 55045.10; 962455.74; 962455.74
2025-03-27,current,12,Collectif budgetaire initial 2025,,,,,,9,9,https://www.montolieu.fr/wp-content/uploads/2025/04/CRCM-27-03-2025-1-site-internet.pdf#page=9,finances,
2025-03-27,current,11,Demandes de subvention 2025,,majority,,,,8,8,https://www.montolieu.fr/wp-content/uploads/2025/04/CRCM-27-03-2025-1-site-internet.pdf#page=8,subventions,600.00
2025-03-27,current,10,Mise en place de contrat de prestations de service,,unanimous,,,,8,8,https://www.montolieu.fr/wp-content/uploads/2025/04/CRCM-27-03-2025-1-site-internet.pdf#page=8,,55.00; 25.00; 25.00
2025-03-27,current,9,Renouvellement des tarifs piscine et diverses location,,majority,,,,7,8,https://www.montolieu.fr/wp-content/uploads/2025/04/CRCM-27-03-2025-1-site-internet.pdf#page=7,,3.50; 1.00; 30.00; 9.00; 700.00; 1.50; 1.50; 1000.00; 100.00; 1000.00; 350.00; 55.00; 55.00
2025-03-27,current,8,Etat des taxes pour 2025,,unanimous,,,,7,7,https://www.montolieu.fr/wp-content/uploads/2025/04/CRCM-27-03-2025-1-site-internet.pdf#page=7,finances,
2025-03-27,current,7,Affection des resultats,,majority,,,,5,6,https://www.montolieu.fr/wp-content/uploads/2025/04/CRCM-27-03-2025-1-site-internet.pdf#page=5,finances,6276.21; 3422.01; 2015.72; 17247.72
2025-03-27,current,6,Pour le lotissement,,majority,,,,5,5,https://www.montolieu.fr/wp-content/uploads/2025/04/CRCM-27-03-2025-1-site-internet.pdf#page=5,,161952.42; 179200.14; 17247.72
2025-03-27,current,5,Pour le groupe medical,,,,,,4,4,https://www.montolieu.fr/wp-content/uploads/2025/04/CRCM-27-03-2025-1-site-internet.pdf#page=4,,8086.62; 10102.34; 2015.72
2025-03-27,current,4,Pour le CCAS,,,,,,4,4,https://www.montolieu.fr/wp-content/uploads/2025/04/CRCM-27-03-2025-1-site-internet.pdf#page=4,,422.01
2025-03-27,current,3,Pour la commune,,,,,,2,4,https://www.montolieu.fr/wp-content/uploads/2025/04/CRCM-27-03-2025-1-site-internet.pdf#page=2,finances; subventions,18.00; 1031858.02; 60635.16; 43554.47; 104189.63; 721381.26; 524.43; 97.94; 208.43; 381.26; 800415.97; 24000.00; 0.00; 731.59; 672.33; 31373273.00; 0.00; 0.00; 0.00; 0.00; 0.00; 0.00; 0.00; 0.00; 0.00; 0.00; 0.00; 1122464.32; 672.33; 580.11; 425.61; 0.00; 0.00; 480.00; 0.00; 0.00; 0.00; 0.00; 0.00; 0.00; 0.00; 0.00; 0.00; 60.11; 425.61; 0.00; 0.00; 400.68; 0.00; 0.00; 0.00; 283.32; 4283.32; 684.00; 32.00; 0.00; 348.00; 500.00; 246.00; 0.00; 0.00; 0.00; 1217094.00; 0.00; 0.00; 200.00; 0.00; 0.00; 0.00; 200.00; 0.00; 0.00; 894.00; 500.00; 592.05; 0.00; 0.00; 0.00; 986.05; 0.00; 0.00; 146.60; 0.00; 0.00; 0.00; 146.60; 0.00; 294.00; 132.65; 577.32; 415.97; 208.43; 0.00; 283.32; 4283.32; 15063111.00; 0.00; 4283.32; 4283.32; 79034.71; 150631.11; 229665.82; 119199.98; 110465.84; 6276.21
2025-03-27,current,2,Compte financier unique du budget général et des budgets annexes affectation des résultats,,,,,,1,1,https://www.montolieu.fr/wp-content/uploads/2025/04/CRCM-27-03-2025-1-site-internet.pdf#page=1,finances,
2025-03-27,current,1,Approbation du proces verbal du conseil du 6 mars 2025,,majority,,,,1,1,https://www.montolieu.fr/wp-content/uploads/2025/04/CRCM-27-03-2025-1-site-internet.pdf#page=1,,
2025-03-06,current,9,Demande d’augmentation de la participation de la commune au gip -musée céres franco,,unanimous,,,,5,5,https://www.montolieu.fr/wp-content/uploads/2025/04/CRCM-6-MARS-2025-site-internet.pdf#page=5,musée Cérès Franco; finances,2000.00; 13094.40; 6547.20; 7000.00; 1500.00
2025-03-06,current,8,Mutualisation de marche avec carcassonne agglo,,unanimous,,,,4,5,https://www.montolieu.fr/wp-content/uploads/2025/04/CRCM-6-MARS-2025-site-internet.pdf#page=4,associations et vie locale,
2025-03-06,current,7,Affectation d’un don au profit du CCAS,,unanimous,,,,4,4,https://www.montolieu.fr/wp-content/uploads/2025/04/CRCM-6-MARS-2025-site-internet.pdf#page=4,finances,200.00; 200.00
2025-03-06,current,6,Convention avec le SYADEN pour un diagnostic de l’eclairage public,,unanimous,,,,3,4,https://www.montolieu.fr/wp-content/uploads/2025/04/CRCM-6-MARS-2025-site-internet.pdf#page=3,intercommunalité; subventions; voirie et travaux,3309.60
2025-03-06,current,5,Convention de financement avec le covaldem pour l’acquisition de mobilier urbain,,unanimous,,,,3,3,https://www.montolieu.fr/wp-content/uploads/2025/04/CRCM-6-MARS-2025-site-internet.pdf#page=3,,800.00; 8289.60; 5889.60
2025-03-06,current,4,Mise a jour de la tarification sociale de la cantine,,unanimous,,,,2,3,https://www.montolieu.fr/wp-content/uploads/2025/04/CRCM-6-MARS-2025-site-internet.pdf#page=2,école et enfance,1.00; 2.50; 3.50; 4.23; 3384.44
2025-03-06,current,3,Bodet campanaire,,unanimous,,,,2,2,https://www.montolieu.fr/wp-content/uploads/2025/04/CRCM-6-MARS-2025-site-internet.pdf#page=2,,84997.77; 1168188.45; 281516.83
2025-03-06,current,2,Marché de renovation de l’église st andré- Choix des entreprises,,,,,,1,2,https://www.montolieu.fr/wp-content/uploads/2025/04/CRCM-6-MARS-2025-site-internet.pdf#page=1,associations et vie locale; voirie et travaux; église Saint-André,624569.37; 141950.06; 77661.00; 48747.88; 33252.86; 157009.51
2025-03-06,current,1,Approbation du proces verbal du conseil du 14 janvier 2025,,unanimous,,,,1,1,https://www.montolieu.fr/wp-content/uploads/2025/04/CRCM-6-MARS-2025-site-internet.pdf#page=1,,
2025-01-14,current,7,Demande d’avance de subvention sur 2025 pour MVDL,,unanimous,,,,4,4,https://www.montolieu.fr/wp-content/uploads/2025/04/crcm-14012025-site-internet.pdf#page=4,subventions; Village du Livre (MVDL),5000.00; 5000.00; 300.00
2025-01-14,current,6,Proposition du credit agricole du languedoc,,majority,,,,3,3,https://www.montolieu.fr/wp-content/uploads/2025/04/crcm-14012025-site-internet.pdf#page=3,finances,450000.00; 1125.00
2025-01-14,current,5,Renouvellement de la ligne de tresorerie,,,,,,3,3,https://www.montolieu.fr/wp-content/uploads/2025/04/crcm-14012025-site-internet.pdf#page=3,finances; voirie et travaux,300000.00
2025-01-14,current,4,Renouvellement de la convention de medecine du travail avec le cdg11,,unanimous,,,,2,3,https://www.montolieu.fr/wp-content/uploads/2025/04/crcm-14012025-site-internet.pdf#page=2,finances; personnel,
2025-01-14,current,3,Autorisation d’engager les depenses 2025 en attente du vote du budget,,unanimous,,,,2,2,https://www.montolieu.fr/wp-content/uploads/2025/04/crcm-14012025-site-internet.pdf#page=2,finances,1213790.00; 42600.00; 1171190.00; 318447.00; 1213790.00; 318447.00
2025-01-14,current,2,Acquisition d’un bien sans maitre,,majority,,,,1,2,https://www.montolieu.fr/wp-content/uploads/2025/04/crcm-14012025-site-internet.pdf#page=1,urbanisme,
2025-01-14,current,1,Approbation du proces verbal du conseil du 27 novembre 2024,,unanimous,,,,1,1,https://www.montolieu.fr/wp-content/uploads/2025/04/crcm-14012025-site-internet.pdf#page=1,,
2024-11-27,current,7,Informations sur le nettoyage des tags,,,,,,6,6,https://www.montolieu.fr/wp-content/uploads/2025/01/CRCM-27-11-2024-site-internet.pdf#page=6,,
2024-11-27,current,6,Financement passage en led de l’eclairage du stade,,unanimous,,,,4,5,https://www.montolieu.fr/wp-content/uploads/2025/01/CRCM-27-11-2024-site-internet.pdf#page=4,finances,
2024-11-27,current,5,Approbation padd rectifie,,unanimous,,,,4,4,https://www.montolieu.fr/wp-content/uploads/2025/01/CRCM-27-11-2024-site-internet.pdf#page=4,urbanisme,
2024-11-27,current,4,Total des depenses,,unanimous,,,,2,4,https://www.montolieu.fr/wp-content/uploads/2025/01/CRCM-27-11-2024-site-internet.pdf#page=2,finances; voirie et travaux,
2024-11-27,current,3,Budget rectificatif,,,,,,2,2,https://www.montolieu.fr/wp-content/uploads/2025/01/CRCM-27-11-2024-site-internet.pdf#page=2,finances,36000.00; 3500.00
2024-11-27,current,2,Convention avec le SYADEN,,unanimous,,,,1,2,https://www.montolieu.fr/wp-content/uploads/2025/01/CRCM-27-11-2024-site-internet.pdf#page=1,voirie et travaux; intercommunalité,
2024-11-27,current,1,Approbation du proces verbal du conseil du 23 octobre 2024,,majority,,,,1,1,https://www.montolieu.fr/wp-content/uploads/2025/01/CRCM-27-11-2024-site-internet.pdf#page=1,,
2024-10-23,current,6,Autorisation du conseil au maire pour qu’il se constitue partie civile pour la commune,,unanimous,,,,4,5,https://www.montolieu.fr/wp-content/uploads/2024/12/CRCM-23-OCTOBRE-2024-SITE-INTERNET.pdf#page=4,,1000.00; 5000.00
2024-10-23,current,5,Lancement marché de travaux pour la phase 1 pour l’eglise st andré,,unanimous,,,,4,4,https://www.montolieu.fr/wp-content/uploads/2024/12/CRCM-23-OCTOBRE-2024-SITE-INTERNET.pdf#page=4,voirie et travaux; église Saint-André; associations et vie locale,
2024-10-23,current,4,Zone d’accelleration des energies renouvelables,,majority,,,,3,4,https://www.montolieu.fr/wp-content/uploads/2024/12/CRCM-23-OCTOBRE-2024-SITE-INTERNET.pdf#page=3,,
2024-10-23,current,3,Convention entre la commune et l’association MVDL,,unanimous,,,,3,3,https://www.montolieu.fr/wp-content/uploads/2024/12/CRCM-23-OCTOBRE-2024-SITE-INTERNET.pdf#page=3,Village du Livre (MVDL); associations et vie locale,
2024-10-23,current,2,Financement des projets d’investissement 2025,,unanimous,,,,1,3,https://www.montolieu.fr/wp-content/uploads/2024/12/CRCM-23-OCTOBRE-2024-SITE-INTERNET.pdf#page=1,voirie et travaux; finances,
2024-10-23,current,1,Approbation du proces verbal du conseil du 18 septembre 2024,,unanimous,,,,1,1,https://www.montolieu.fr/wp-content/uploads/2024/12/CRCM-23-OCTOBRE-2024-SITE-INTERNET.pdf#page=1,,
2024-09-18,current,14,Mise en place d’une aide specifique pour participation aux concours et evenements particuliers,,unanimous,,,,8,8,https://www.montolieu.fr/wp-content/uploads/2024/11/CM-18-SEPTEMBRE-site-internet.pdf#page=8,,150.00
2024-09-18,current,13,Projet d’installation d’une video protection,,majority,,,,7,7,https://www.montolieu.fr/wp-content/uploads/2024/11/CM-18-SEPTEMBRE-site-internet.pdf#page=7,,
2024-09-18,current,12,Demande de prêt,,majority,,,,6,7,https://www.montolieu.fr/wp-content/uploads/2024/11/CM-18-SEPTEMBRE-site-internet.pdf#page=6,subventions; voirie et travaux,73000.00; 151313.28; 78090.66
2024-09-18,current,11,Demande de vente de la parcelle ab 505,,majority,,,,6,6,https://www.montolieu.fr/wp-content/uploads/2024/11/CM-18-SEPTEMBRE-site-internet.pdf#page=6,urbanisme,5000.00; 5000.00
2024-09-18,current,10,Renouvellement du mandat d’aide juridique,,unanimous,,,,5,5,https://www.montolieu.fr/wp-content/uploads/2024/11/CM-18-SEPTEMBRE-site-internet.pdf#page=5,,1500.00
2024-09-18,current,9,Convention de mise a disposition de terrain pour le SYADEN,,unanimous,,,,5,5,https://www.montolieu.fr/wp-content/uploads/2024/11/CM-18-SEPTEMBRE-site-internet.pdf#page=5,intercommunalité,
2024-09-18,current,8,Recettes (€ ht) montant ht taux,,majority,,,,5,5,https://www.montolieu.fr/wp-content/uploads/2024/11/CM-18-SEPTEMBRE-site-internet.pdf#page=5,finances,22448.00; 16063.00; 19651.00; 13747.50
2024-09-18,current,7,Demande de versement fpic 2022,,,,,,5,5,https://www.montolieu.fr/wp-content/uploads/2024/11/CM-18-SEPTEMBRE-site-internet.pdf#page=5,voirie et travaux,27495.00
2024-09-18,current,6,Acceptation d’un don de l’association amicale montolivaine saint roch,,unanimous,,,,4,4,https://www.montolieu.fr/wp-content/uploads/2024/11/CM-18-SEPTEMBRE-site-internet.pdf#page=4,associations et vie locale,861.00; 861.00
2024-09-18,current,5,Admissions en non-valeur,,unanimous,,,,4,4,https://www.montolieu.fr/wp-content/uploads/2024/11/CM-18-SEPTEMBRE-site-internet.pdf#page=4,,360.04; 360.04
2024-09-18,current,4,Decision modificative n°2,,unanimous,,,,4,4,https://www.montolieu.fr/wp-content/uploads/2024/11/CM-18-SEPTEMBRE-site-internet.pdf#page=4,finances,
2024-09-18,current,3,Adhesion au contrat d’assurance statutaire 2025-2028 du centre de gestion,,unanimous,,,,2,3,https://www.montolieu.fr/wp-content/uploads/2024/11/CM-18-SEPTEMBRE-site-internet.pdf#page=2,personnel,
2024-09-18,current,2,Rapport clect et attribution de compensation,,majority,,,,1,2,https://www.montolieu.fr/wp-content/uploads/2024/11/CM-18-SEPTEMBRE-site-internet.pdf#page=1,,2323.00; 131839.00; 14754.00
2024-09-18,current,1,Approbation du proces verbal du conseil du 13 juin 2024,,majority,,,,1,1,https://www.montolieu.fr/wp-content/uploads/2024/11/CM-18-SEPTEMBRE-site-internet.pdf#page=1,,
2024-06-13,current,10,Taux de la taxe d’amenagement,,unanimous,,,,7,8,https://www.montolieu.fr/wp-content/uploads/2024/12/CRCM-13-JUIN-2024-1-SITE-INTERNET.pdf#page=7,finances,4012.00
2024-06-13,current,9,Location salle du conseil pour cours de piano et repetition chorale,,unanimous,,,,7,7,https://www.montolieu.fr/wp-content/uploads/2024/12/CRCM-13-JUIN-2024-1-SITE-INTERNET.pdf#page=7,,50.00; 50.00; 256.08; 1984.42; 240.50
2024-06-13,current,8,Tarif piscine groupe : Principe d’un forfait minimum pour les groupes,,majority,,,,7,7,https://www.montolieu.fr/wp-content/uploads/2024/12/CRCM-13-JUIN-2024-1-SITE-INTERNET.pdf#page=7,,1.00; 14.00; 14.00; 14.00
2024-06-13,current,7,Engagement de la reflexion sur la troisieme tranche des travaux du presbytere,,majority,,,,7,7,https://www.montolieu.fr/wp-content/uploads/2024/12/CRCM-13-JUIN-2024-1-SITE-INTERNET.pdf#page=7,voirie et travaux; église Saint-André,
2024-06-13,current,6,Financement des projets 2025,,,,,,7,7,https://www.montolieu.fr/wp-content/uploads/2024/12/CRCM-13-JUIN-2024-1-SITE-INTERNET.pdf#page=7,,
2024-06-13,current,5,Total des depenses,,,,,,6,6,https://www.montolieu.fr/wp-content/uploads/2024/12/CRCM-13-JUIN-2024-1-SITE-INTERNET.pdf#page=6,finances; voirie et travaux,
2024-06-13,current,4,Budget rectificatif n°1,,majority,,,,5,6,https://www.montolieu.fr/wp-content/uploads/2024/12/CRCM-13-JUIN-2024-1-SITE-INTERNET.pdf#page=5,finances,
2024-06-13,current,3,Inscriptions complementaires au budget d’investissement 2024,,,,,,4,4,https://www.montolieu.fr/wp-content/uploads/2024/12/CRCM-13-JUIN-2024-1-SITE-INTERNET.pdf#page=4,finances; subventions,3000.00; 4300.00; 4300.00; 1446925.11; 304797.39; 357353.73; 229.47; 480851.00
2024-06-13,current,2,Avancement de grade : Creation des grades correspondant dans le tableau des effectifs,,majority,,,,3,4,https://www.montolieu.fr/wp-content/uploads/2024/12/CRCM-13-JUIN-2024-1-SITE-INTERNET.pdf#page=3,personnel; école et enfance,
2024-06-13,current,1,Approbation du proces verbal du conseil du 15 avril 2024,,unanimous,,,,1,1,https://www.montolieu.fr/wp-content/uploads/2024/12/CRCM-13-JUIN-2024-1-SITE-INTERNET.pdf#page=1,,
2024-04-15,current,3,Demande de [name withheld],,unanimous,,,,4,4,https://www.montolieu.fr/wp-content/uploads/2024/12/Projet-CM-15-avril-site-internet.pdf#page=4,"patrimoine, culture, tourisme",
2024-04-15,current,2,Approbation du proces verbal du conseil du 4 avril 2024,,majority,,,,1,3,https://www.montolieu.fr/wp-content/uploads/2024/12/Projet-CM-15-avril-site-internet.pdf#page=1,finances,1099916.00; 1450869.00; 157879.00; 259350.00; 1213790.00; 1362.00; 962789.00; 1081.00; 7414.00; 8.00; 110200.00; 124.00; 1124.00; 1190.00; 1362.00; 460.00; 154.00; 1073.00; 482.00; 1257.00; 165.00; 460.00; 153.00
2024-04-15,current,1,Vote pour inscirption a l’ordre du jour de deux points complementaires,,,,,,1,1,https://www.montolieu.fr/wp-content/uploads/2024/12/Projet-CM-15-avril-site-internet.pdf#page=1,urbanisme,
2024-04-04,current,20,Transfert de propriete au profit de la commune des chemins privés destinés a entrer dans le domaine communal,,majority,,,,15,15,https://www.montolieu.fr/wp-content/uploads/2024/12/CRCM-4-avril-2024-site-internet.pdf#page=15,voirie et travaux,
2024-04-04,current,19,Total depenses investissements,,,,,,13,15,https://www.montolieu.fr/wp-content/uploads/2024/12/CRCM-4-avril-2024-site-internet.pdf#page=13,finances; voirie et travaux,522.01; 20.00; 19827.59; 10102.34; 513023.82; 512703.82; 12871.00
2024-04-04,current,18,Fonctionnement recettes,,,,,,13,13,https://www.montolieu.fr/wp-content/uploads/2024/12/CRCM-4-avril-2024-site-internet.pdf#page=13,finances,
2024-04-04,current,17,Fonctionnement depenses,,,,,,12,13,https://www.montolieu.fr/wp-content/uploads/2024/12/CRCM-4-avril-2024-site-internet.pdf#page=12,finances,4056.43; 2500.00; 2280.00
2024-04-04,current,16,Collectif budgetaire initial 2024,,,,,,12,12,https://www.montolieu.fr/wp-content/uploads/2024/12/CRCM-4-avril-2024-site-internet.pdf#page=12,finances,39886.65; 5200.21; 514.00; 4000.00; 1159916.55; 1450869.11
2024-04-04,current,15,Prevention routiere aude,,,,,,11,12,https://www.montolieu.fr/wp-content/uploads/2024/12/CRCM-4-avril-2024-site-internet.pdf#page=11,,
2024-04-04,current,14,Cooperative scolaire montolieu,,,,,,11,11,https://www.montolieu.fr/wp-content/uploads/2024/12/CRCM-4-avril-2024-site-internet.pdf#page=11,école et enfance,
2024-04-04,current,13,Demandes de subvention 2024,,majority,,,,11,11,https://www.montolieu.fr/wp-content/uploads/2024/12/CRCM-4-avril-2024-site-internet.pdf#page=11,subventions; associations et vie locale,
2024-04-04,current,12,Renouvellement des tarifs piscine et diverses location,,unanimous,,,,10,11,https://www.montolieu.fr/wp-content/uploads/2024/12/CRCM-4-avril-2024-site-internet.pdf#page=10,,3.50; 1.50; 30.00; 10.00; 6.00; 3.50; 1.00; 30.00; 9.00; 700.00; 700.00; 1.00; 500.00; 100.00; 500.00; 350.00; 55.00; 55.00; 55.00
2024-04-04,current,11,Taux d'imposition des taxes directes locales pouf,,,,,,9,9,https://www.montolieu.fr/wp-content/uploads/2024/12/CRCM-4-avril-2024-site-internet.pdf#page=9,finances,
2024-04-04,current,10,Etat des taxes pour 2024,,unanimous,,,,8,9,https://www.montolieu.fr/wp-content/uploads/2024/12/CRCM-4-avril-2024-site-internet.pdf#page=8,finances,4318.00; 8636.00; 1159916.00; 6000.00
2024-04-04,current,9,Budget lotissement investissement recettes budget lotissement investissement depenses,,unanimous,,,,6,8,https://www.montolieu.fr/wp-content/uploads/2024/12/CRCM-4-avril-2024-site-internet.pdf#page=6,finances,3522.01; 1.20; 17246.59
2024-04-04,current,8,Affection des resultats,,unanimous,,,,6,6,https://www.montolieu.fr/wp-content/uploads/2024/12/CRCM-4-avril-2024-site-internet.pdf#page=6,finances,39886.55
2024-04-04,current,7,Budget lotissement fonctionnement recettes budget lotissement fonctionnement depenses,,unanimous,,,,5,6,https://www.montolieu.fr/wp-content/uploads/2024/12/CRCM-4-avril-2024-site-internet.pdf#page=5,finances,149239.82; 486.41; 17246.59
2024-04-04,current,6,Depenses de fonctionnement,,,,,,5,5,https://www.montolieu.fr/wp-content/uploads/2024/12/CRCM-4-avril-2024-site-internet.pdf#page=5,finances,
2024-04-04,current,5,Investissement depenses,,,,,,4,5,https://www.montolieu.fr/wp-content/uploads/2024/12/CRCM-4-avril-2024-site-internet.pdf#page=4,finances,9726.45; 9725.25; 1.20
2024-04-04,current,4,Budget CCAS fonctionnement depenses,,,,,,3,4,https://www.montolieu.fr/wp-content/uploads/2024/12/CRCM-4-avril-2024-site-internet.pdf#page=3,finances,522.01
2024-04-04,current,3,Depenses de fonctionnement,,,,,,2,3,https://www.montolieu.fr/wp-content/uploads/2024/12/CRCM-4-avril-2024-site-internet.pdf#page=2,finances,197765.66; 157879.11; 39886.65
2024-04-04,current,2,Comptes administratifs,,,,,,1,2,https://www.montolieu.fr/wp-content/uploads/2024/12/CRCM-4-avril-2024-site-internet.pdf#page=1,finances,
2024-04-04,current,1,Approbation du proces verbal du conseil du 31 janvier 2024,,unanimous,,,,1,1,https://www.montolieu.fr/wp-content/uploads/2024/12/CRCM-4-avril-2024-site-internet.pdf#page=1,,
2024-01-31,current,7,Designation d’un representant au dialogue territorial du scot-plh,,unanimous,,,,5,5,https://www.montolieu.fr/wp-content/uploads/2024/12/CM-31-JANVIER-2024-site-internet.pdf#page=5,,
2024-01-31,current,6,Engagement de la commune sur le financement complementaire des travaux du musee ceres franco,,unanimous,,,,3,3,https://www.montolieu.fr/wp-content/uploads/2024/12/CM-31-JANVIER-2024-site-internet.pdf#page=3,voirie et travaux; musée Cérès Franco,2600000.00; 4600000.00; 15000.00; 780000.00; 11000.00; 26000.00; 11000.00
2024-01-31,current,5,Validation du padd,,majority,,,,3,3,https://www.montolieu.fr/wp-content/uploads/2024/12/CM-31-JANVIER-2024-site-internet.pdf#page=3,,
2024-01-31,current,4,Souscription d’un pret pour les travaux du pave,,majority,,,,2,2,https://www.montolieu.fr/wp-content/uploads/2024/12/CM-31-JANVIER-2024-site-internet.pdf#page=2,voirie et travaux,466920.00; 456315.00; 354350.00; 264350.00; 210000.00
2024-01-31,current,3,Proposition du credit agricole du languedoc,,unanimous,,,,2,2,https://www.montolieu.fr/wp-content/uploads/2024/12/CM-31-JANVIER-2024-site-internet.pdf#page=2,,300000.00; 750.00
2024-01-31,current,2,Renouvellement d’une ligne de tresorerie,,,,,,1,1,https://www.montolieu.fr/wp-content/uploads/2024/12/CM-31-JANVIER-2024-site-internet.pdf#page=1,finances,
2024-01-31,current,1,Approbation du proces verbal du conseil du 13 decembre 2024,,majority,,,,1,1,https://www.montolieu.fr/wp-content/uploads/2024/12/CM-31-JANVIER-2024-site-internet.pdf#page=1,,
2008-07-18,archive,1,,L’assemblée passe au vote. La [name withheld] est retenue avec 14 voix pour.,majority,14,,,1,1,https://web.archive.org/web/20081112040243/http://www.montolieu.fr/docs/CRCM%2020080718.pdf#page=1,,
2008-06-06,archive,4,,6 - [name withheld] d'une salle du 2ème étage de la Mairie pour le rapatriement des archives municipales. Le Conseil donne son accord à l'unanimité. - Interdiction d'affichage sur le pont de la Dure et d'affichage sauvage en général.,unanimous,,,,6,6,https://web.archive.org/web/20081112040000/http://www.montolieu.fr/docs/CRCM%2020080606.pdf#page=6,,
2008-06-06,archive,3,,"Mme [name withheld] demande à ce que soit bien précisé dans le compte rendu que cette opération est exceptionnelle et que le nouveau Conseil n'est par principe pas favorable à la vente d'aucun terrain communal. La décision est mise au vote : 11 voix pour : [name withheld] 2 abstentions : [name withheld] 2 voix contre : [name withheld] Vente usine [name withheld] Deux acquéreurs éventuels se sont manifestés : 1) une entreprise familiale (SCI [name withheld]) qui achèterait pour ouvrir un hôtel trois étoiles. 2) un [name withheld] fabricant de meubles de haute qualité, ce dernier habiterait l'usine et s'engagerait à …",majority,11,2,2,2,2,https://web.archive.org/web/20081112040000/http://www.montolieu.fr/docs/CRCM%2020080606.pdf#page=2,,
2008-06-06,archive,2,,"La délégation de service public doit mentionner la durée de location et les conditions de gestion. Le Conseil décide à l'unanimité que les frais (électricité, eau, etc.) seront à la charge de la commune, le gestionnaire payant un loyer de 200 € par mois pour la durée de juillet, août et septembre.",unanimous,,,,1,1,https://web.archive.org/web/20081112040000/http://www.montolieu.fr/docs/CRCM%2020080606.pdf#page=1,,
2008-06-06,archive,1,,"1 [name withheld] deux mille huit et le six juin à 20h30 salle du Conseil de la Mairie, le Conseil municipal dûment convoqué s'est réuni sous la présidence du Maire, M. [name withheld]. Étaient présents : Mesdames [name withheld] Messieurs [name withheld] Absents : [name withheld] procuration à [name withheld] procuration à [name withheld] Mme [name withheld] propose d'assurer le secrétariat de séance, le Conseil accepte à l'unanimité.",unanimous,,,,1,1,https://web.archive.org/web/20081112040000/http://www.montolieu.fr/docs/CRCM%2020080606.pdf#page=1,,
2008-05-09,archive,4,,"Pour manifester ce soutien à l’action globale du Centre d’art et de littérature, un subention de 1500 € lui sera accordée dans le cadre d’une action concertée au point avec les différents partenaires. Une rencontre est prévue prochainement à cet effet. 14 voix pour et 1 abstention. - accord pour l’abattage d’un arbre à l’Espérou. - pose de 3 panneaux avec plan du village. - En réponse à la demande de M. et Mme [name withheld] le conseil donne l’autorisation pour la réfection du muret de leur cour aux dimensions existantes.",majority,14,,1,7,7,https://web.archive.org/web/20081112035845/http://www.montolieu.fr/docs/CRCM%2020080509.pdf#page=7,,
2008-05-09,archive,3,,Il autorise Monsieur le Maire à signer toute pièces afférentes à ce dossier. Vote : 14 pour et 1 abstention.,majority,,,1,5,5,https://web.archive.org/web/20081112035845/http://www.montolieu.fr/docs/CRCM%2020080509.pdf#page=5,,
2008-05-09,archive,2,,"3. changer les 3 réverbères actuels conformément à la préconisation de l’ABF: 14 voix pour et une abstention,. raccourcir les existants : rejeté - parking [name withheld] :. utilisation des gaines d’arrivées conformément à la préconisation du [name withheld] : 15 voix pour.",majority,29,,1,3,3,https://web.archive.org/web/20081112035845/http://www.montolieu.fr/docs/CRCM%2020080509.pdf#page=3,,
2008-05-09,archive,1,,Monsieur le Maire demande s'il y a des modifications à apporter au compte rendu du conseil précédent. Pas de remarques : le compte rendu est adopté à l’unanimité 1.,unanimous,,,,1,1,https://web.archive.org/web/20081112035845/http://www.montolieu.fr/docs/CRCM%2020080509.pdf#page=1,,
2008-04-25,archive,9,,"Budget annexe Groupe Médical : Dépenses Travaux 174 472,00 € [name withheld] d’études 25 475,00 € Frais accessoires 3 450,00 € Total 203 397,00 € Recettes Subventions sollicités 130 854,00€ Emprunt 72 543,00 € Total 203 397,00 € Les budgets annexes sont adoptés à l’unanimité.",unanimous,,,,7,7,https://web.archive.org/web/20081112040228/http://www.montolieu.fr/docs/CRCM%2020080425.pdf#page=7,,
2008-04-25,archive,8,,"BUDGET CCAS/2008 Fonctionnement – Dépenses 011 – Charges à caractère général 2 875,00 € Services extérieurs 2 875,00 € 65 – Autres charges de gestion courante 3 000,00 € Total des dépenses de fonctionnement 5 875,00 € Fonctionnement - Recettes 77 – Produits exceptionnels 1 831,00 € 002 – Excédent 2007 reporté 4 044,00 € Total des recettes d’exploitation 5 875,00 € Investissement – Dépenses 21 – [name withheld] …",unanimous,,,,6,6,https://web.archive.org/web/20081112040228/http://www.montolieu.fr/docs/CRCM%2020080425.pdf#page=6,,
2008-04-25,archive,7,,"… la borne à incendie rattachée au couvent et au lotissement se fera à partir de la conduite du Petit [name withheld], ce qui évitera d'avoir un chantier au milieu du village tout l'été, sera plus aisé et moins coûteux. Investissement – Recettes 10 – [name withheld] 13 700,00 € 13 – Subventions d’investissement 30 273,00 € 021 – [name withheld] section d’exploitation 53 476,00 € 028 – [name withheld] aux amortissements 11 810,00 € 002 – Excédent d’investissement 2007 8 255,00 € Total des recettes d’Investissement 117 514,00 € Le budget [name withheld]/2008 est adopté à l’unanimité.",unanimous,,,,5,5,https://web.archive.org/web/20081112040228/http://www.montolieu.fr/docs/CRCM%2020080425.pdf#page=5,,
2008-04-25,archive,6,,"… payée en 2010 (demande de Monsieur le Maire au Conseil général, acceptation de principe qui doit être confirmée par la Commission de la fin du mois de mai, la signature de l'acte devant intervenir immédiatement après). Investissement – Recettes 10 – [name withheld] 147 593,00 € 13 – Subventions d’investissement 95 652,00 € 16 – Emprunts 5 905,00 € 021 – [name withheld] section fonctionnement 388 710,00 € 024 – [name withheld] d’immobilisations 70 762,00 € Total des recettes d’Investissement 708 622,00 € Le budget [name withheld]/2008 est adopté à l’unanimité.",unanimous,,,,4,4,https://web.archive.org/web/20081112040228/http://www.montolieu.fr/docs/CRCM%2020080425.pdf#page=4,,
2008-04-25,archive,5,,"Taxes communales 2008 : Monsieur [name withheld] propose au Conseil municipal de reconduire les taux de contributions directes précédentes, à savoir : Taxe d’Habitation : 18,58 % Taxe [name withheld] sur les propriétés bâties : 27,86 % Taxe Foncière sur les propriétés non bâties : 87,68 % Taxe professionnelle : 14,33 % Le conseil donne son accord à l’unanimité pour reconduire les taux de contributions directes.",unanimous,,,,4,4,https://web.archive.org/web/20081112040228/http://www.montolieu.fr/docs/CRCM%2020080425.pdf#page=4,,
2008-04-25,archive,4,,… Municipale : Entrée piscine adultes : 2 € [name withheld] piscine enfants : 1 € [name withheld] adultes : 15 € les 10 bains [name withheld] enfants : 8 € les 10 bains [name withheld] pour les enfants de moins de 5 ans. Le Conseil adopte à l’unanimité ces tarifs.,unanimous,,,,3,3,https://web.archive.org/web/20081112040228/http://www.montolieu.fr/docs/CRCM%2020080425.pdf#page=3,,
2008-04-25,archive,3,,"Le Conseil demande un plan de financement plus élaboré. Fonctionnement - Recettes 70 – Produits des services 8 370,00 € 73 – Impôts et taxes 348 458,00 € 74 – [name withheld] et participations 239 050,00 € 75 – Autre produits de gestion courante 70 000,00 € 013 – [name withheld] de charges 9 315,00 € 77 – Recettes exceptionnelles 2 423,00 € 002 – Excédent 2007 reporté 308 293,00 € Total des recettes de fonctionnement 985 909,00 € Tarifs Communaux : Location chaise : …",unanimous,,,,3,3,https://web.archive.org/web/20081112040228/http://www.montolieu.fr/docs/CRCM%2020080425.pdf#page=3,,
2008-04-25,archive,2,,"… de la Commission Associations en ce qui concerne la participation à un certain nombre d'actions de solidarité (ADEPAPE, [name withheld], formations d'apprentissage de la [name withheld] des [name withheld]). La Conseil adopte également à l'unanimité le proposition de la Commission demandant à ce les associations subventionnées aient présenté leurs rapport financier et rapport d'activité avant le 15 juin de chaque année.",unanimous,,,,2,2,https://web.archive.org/web/20081112040228/http://www.montolieu.fr/docs/CRCM%2020080425.pdf#page=2,,
2008-04-25,archive,1,,"… 340,00 [name withheld] 320,00 S.P.A. 400,00 Ecole de [name withheld] 320,00 [name withheld] d'Art 80,00 [name withheld].S.E de [name withheld] 23,00 [name withheld] 400,00 [name withheld] de défenses ctre les organ. Nuisibles 20,00 [name withheld] pour le [name withheld] 20,00 Cabardès Tennis [name withheld] 50,00 [name withheld] Départemental du [name withheld] 20,00 [name withheld] d'Alzonne 300,00 A.D.E.P.A.P.E. 30,00 A.F.D.A.I.M. 11 30,00 [name withheld] de [name withheld] 11 46,00 Montolieu [name withheld] 100,00 Subvention non affectée 971,00 Total 26 500,00 Toutes les subventions sont adoptées à l’unanimité.",unanimous,,,,2,2,https://web.archive.org/web/20081112040228/http://www.montolieu.fr/docs/CRCM%2020080425.pdf#page=2,,
2008-04-04,archive,18,,15 Pour : 14 Le Compte Administratif est approuvé à la majorité Monsieur le Maire demande au Conseil d’approuver le Compte de Gestion : Contre : 1 Abstentions : 0 Pour : 14 Le Compte de Gestion est approuvé à la majorité Réunion de la commission ouverture des plis le 11 Avril 2008 à 18h.,majority,,1,,15,15,https://web.archive.org/web/20081112040045/http://www.montolieu.fr/docs/CRCM%2020080404.pdf#page=15,,
2008-04-04,archive,17,,"… Chapitre [name withheld] Crédits ouverts Réalisé % 13Subventions d'investissement 6 098,00 0,00 0,00% 10[name withheld] 8 902,00 0,00 0,00% Total des recettes réelles d'invest. 15 000,00 0,00 0,00% [name withheld]. Section de Fonctionnement 3 115,00 0,00 0,00% Total des recettes 18 115,00 0,00 0,00% Résultat Investissement 2007 Total des dépenses 9 910,12 Total des recettes 0,00 Déficit -9 910,12 Total exécution du budget [name withheld]/2007 Fonctionnement 4 044,61 Investissement -9 910,12 Déficit -5 865,51 Monsieur le Maire demande au Conseil d’approuver le Compte Administratif : Contre : 0 Abstentions : 1",majority,,,,14,14,https://web.archive.org/web/20081112040045/http://www.montolieu.fr/docs/CRCM%2020080404.pdf#page=14,,
2008-04-04,archive,16,,"… Elle demande l’autorisation de traverser le village avec un camion de 12 T pour un chantier vers Saissac d’ici l’été : l’accord ne peut exister que dans le sens de la montée, car il est limité à 3.5 T dans l’autre sens. Cet accord est ainsi accepté à l’unanimité Lecture d’un courrier de la [name withheld] : Dans le cadre de la prévention des risques de canicule, la [name withheld] demande un inventaire des personnes âgées et isolées qui pourraient être concernées par ce problème.",unanimous,,,,10,10,https://web.archive.org/web/20081112040045/http://www.montolieu.fr/docs/CRCM%2020080404.pdf#page=10,,
2008-04-04,archive,15,,M.[name withheld] et M.[name withheld] font observer que la statue est entreposée depuis longtemps à l’atelier de la Mairie et que le temps presse. Monsieur le Maire demande au Conseil de voter cette décision : Contre : 0 Abstentions : 2 Pour : 13 L’installation de la sculpture est adoptée à la majorité.,majority,,,,10,10,https://web.archive.org/web/20081112040045/http://www.montolieu.fr/docs/CRCM%2020080404.pdf#page=10,,
2008-04-04,archive,14,,… au niveau des toilettes de l’école primaire en les remplaçant par des cuvettes. _ Mr [name withheld] propose d’en profiter pour rénover également les toilettes situées côté public qui forment un même ensemble. Le conseil décide à l’unanimité d’accepter l’augmentation de la subvention et de réaliser les travaux de rénovation de l’ensemble toilettes.,unanimous,,,,10,10,https://web.archive.org/web/20081112040045/http://www.montolieu.fr/docs/CRCM%2020080404.pdf#page=10,,
2008-04-04,archive,13,,Cette proposition mise aux voix est approuvée à l’unanimité. Réparation de la toiture du garage route de [name withheld] : Cette proposition mise aux voix est approuvée à l’unanimité.,unanimous,,,,9,9,https://web.archive.org/web/20081112040045/http://www.montolieu.fr/docs/CRCM%2020080404.pdf#page=9,,
2008-04-04,archive,12,,"Diverses solutions sont encore à étudier avant de décider (trottoir, muret en pierre ?...) [name withheld] du jardin de la mairie : L’association des [name withheld] de Montolieu se propose de s’en charger. Cette proposition mise aux voix est approuvée à l’unanimité.",unanimous,,,,9,9,https://web.archive.org/web/20081112040045/http://www.montolieu.fr/docs/CRCM%2020080404.pdf#page=9,,
2008-04-04,archive,11,,Cette proposition mise aux voix est adoptée à l’unanimité. Réparation de l’escalier du café sur la rue du [name withheld] La proposition de prolongement de la terrasse du café vers la rue du collège avec la suppression des escaliers qui servent d’urinoir est refusée à la majorité.,majority,,,,9,9,https://web.archive.org/web/20081112040045/http://www.montolieu.fr/docs/CRCM%2020080404.pdf#page=9,,
2008-04-04,archive,10,,Plusieurs conseillers expriment des réserves et demandent des plantes sans piquants. Cette proposition mise aux voix est adoptée à l’unanimité.,unanimous,,,,9,9,https://web.archive.org/web/20081112040045/http://www.montolieu.fr/docs/CRCM%2020080404.pdf#page=9,,
2008-04-04,archive,9,,Mme [name withheld] s’engage à aller les voir. Ces propositions mises aux voix sont adoptées à l’unanimité.,unanimous,,,,9,9,https://web.archive.org/web/20081112040045/http://www.montolieu.fr/docs/CRCM%2020080404.pdf#page=9,,
2008-04-04,archive,8,,Cette prime est régularisable en fin d’année en fonction des mouvements budgétaires Pas de prime d’élaboration du budget car celui-ci est établi par la commune. Monsieur le Maire demande au Conseil de voter cette [name withheld] : Contre : 0 Abstentions : 0 Pour : 15 [name withheld] de Conseil au profit du [name withheld] est adoptée à l’unanimité. 6.,unanimous,,,,7,7,https://web.archive.org/web/20081112040045/http://www.montolieu.fr/docs/CRCM%2020080404.pdf#page=7,,
2008-04-04,archive,7,,A vérifier Monsieur le Maire demande au Conseil de voter l’abandon du site prévu pour la construction de la boucherie et la recherche d’une autre solution. Contre : 0 Abstentions : 0 Pour : 15 [name withheld] du site et la recherche d’une autre solution pour la boucherie sont adoptés à l’unanimité.,unanimous,,,,6,6,https://web.archive.org/web/20081112040045/http://www.montolieu.fr/docs/CRCM%2020080404.pdf#page=6,,
2008-04-04,archive,6,,6 Contre : 0 Abstentions : 0 Pour : 15 La suspension et la demande de subvention sont adoptées à l’unanimité.,unanimous,,6,,6,6,https://web.archive.org/web/20081112040045/http://www.montolieu.fr/docs/CRCM%2020080404.pdf#page=6,,
2008-04-04,archive,5,,"4 - signature des conventions relatives au [name withheld] ou aux participations pour travaux sur voirie et réseaux, - virements de crédits depuis les chapitres de dépenses imprévues (compte 020 et 022) Monsieur le Maire demande au Conseil de voter cette délibération : Contre : 0 Abstentions : 0 Pour : 15 La délibération est adoptée à l’unanimité. 4.",unanimous,,,,4,4,https://web.archive.org/web/20081112040045/http://www.montolieu.fr/docs/CRCM%2020080404.pdf#page=4,,
2008-04-04,archive,4,,"L’attribution d’un marché est de la seule compétence du conseil municipal qui peut donner délégation au maire. En l’absence de cette délégation, une délibération antérieure à la date d’achat devra être jointe à chaque mandat (article [name withheld] du Code Général des [name withheld] ) Monsieur le Maire demande au Conseil de voter cette délibération : Contre : 0 Abstentions : 0 Pour : 15 La délibération est adoptée à l’unanimité. b. délibération du conseil donnant délégation au maire dans un certain nombre de matières …",unanimous,,,,3,3,https://web.archive.org/web/20081112040045/http://www.montolieu.fr/docs/CRCM%2020080404.pdf#page=3,,
2008-04-04,archive,3,,… délégué : [name withheld] + 6 commissaires Monsieur le Maire demande au Conseil de voter pour l’approbation de ces commissions : Contre : 0 Abstentions : 0 Pour : 15 Les commissions sont approuvées à l’unanimité. Représentations : Le Conseil vote à l’unanimité les représentations suivantes : Communauté de Communes : [name withheld] suppléant [name withheld] suppléant [name withheld] Ecoles : [name withheld] Syndicat d’électrification du Cabardès : [name withheld] Syndicat [name withheld] des eaux de la [name withheld] : [name withheld] ( Prochaine assemblée générale le jeudi 10 avril 2008 à 18 heures au foyer municipal …,unanimous,,,,2,2,https://web.archive.org/web/20081112040045/http://www.montolieu.fr/docs/CRCM%2020080404.pdf#page=2,,
2008-04-04,archive,2,,SOCIAL : Adjoint délégué : [name withheld] + [name withheld] COMMUNICATION : Adjoint délégué : [name withheld] + [name withheld] OUVERTURE DES PLIS SUR APPEL D’OFFRES : Adjoint délégué : [name withheld] + [name withheld] IMPÔTS [name withheld] Adjoint délégué : [name withheld] + 6 commissaires Monsieur le Maire demande au Conseil de voter pour l’approbation de ces commissions : Contre : 0 Abstentions : 0 Pour : 15 Les commissions sont approuvées à l’unanimité.,unanimous,,,,2,2,https://web.archive.org/web/20081112040045/http://www.montolieu.fr/docs/CRCM%2020080404.pdf#page=2,,
2008-04-04,archive,1,,Absents : 1 Procurations : 1 ( [name withheld] au profit de [name withheld] ) Monsieur le Maire déclare la séance ouverte à : 20h40. Monsieur [name withheld] se propose pour assurer le secrétariat de séance : le Conseil accepte à l’unanimité.,unanimous,,,,1,1,https://web.archive.org/web/20081112040045/http://www.montolieu.fr/docs/CRCM%2020080404.pdf#page=1,,
2007-07-31,archive,2,,M. le Maire dit l'avoir appris a posteriori. Les modifications de statuts de l'intercommunalité sont finalement approuvées à l'unanimité.,unanimous,,,,3,3,https://web.archive.org/web/20081112040257/http://www.montolieu.fr/docs/CRCM%2020070731.pdf#page=3,,
2007-07-31,archive,1,,Mme [name withheld] persiste à penser que ce projet n'est pas un bon projet. Vote sur l'autorisation au Maire de signer la convention avec la [name withheld] des [name withheld] sous réserve de la confirmation par EDF de l'absence d'obstacle: Contre : 1 Abstention 4 : [name withheld] Pour 6.,majority,,1,,2,2,https://web.archive.org/web/20081112040257/http://www.montolieu.fr/docs/CRCM%2020070731.pdf#page=2,,
2007-05-03,archive,26,,"Chapitre 10 : DOTATIONS POUR : 12 CONTRE : 2 Chapitre 13 : SUBVENTIONS Approuvé à l’unanimité Montant total des Recettes : 18 115,00 € Après les votes réalisés chapitre par chapitre, le budget CCAS/2007 est adopté.",unanimous,,12,,11,11,https://web.archive.org/web/20081112035413/http://www.montolieu.fr/docs/CRCM%2020070503.pdf#page=11,,
2007-05-03,archive,25,,"Chapitre 28 : AMORTISSEMENTS Approuvé à l'unanimité Montant total des Recettes : 189 190,00 € Après les votes réalisés chapitre par chapitre, le budget [name withheld]/2007 est adopté. Budget CCAS/2007 SECTION DE FONCTIONNEMENT DÉPENSES Chapitre 023 : VIREMENT A [name withheld] Approuvé à l’unanimité Chapitre 62 : AUTRES SERVICES EXTERIEURS Approuvé à l'unanimité Chapitre 65 : AUTRES CHARGES DE GESTION COURANTE Approuvé à l'unanimité Montant total des Dépenses : 9 286,00 € SECTION DE FONCTIONNEMENT RECETTES Chapitre 00 : REPORTS Approuvé à l’unanimité Chapitre 77 : PRODUITS [name withheld] …",unanimous,,12,,10,10,https://web.archive.org/web/20081112035413/http://www.montolieu.fr/docs/CRCM%2020070503.pdf#page=10,,
2007-05-03,archive,24,,"Chapitre 28 : AMORTISSEMENTS Approuvé à l'unanimité Montant total des Recettes : 189 190,00 € Après les votes réalisés chapitre par chapitre, le budget [name withheld]/2007 est adopté.",unanimous,,,,10,10,https://web.archive.org/web/20081112035413/http://www.montolieu.fr/docs/CRCM%2020070503.pdf#page=10,,
2007-05-03,archive,23,,"Chapitre 68 : DOTATIONS Approuvé à l'unanimité Montant total des Dépenses : 93 032,00 € SECTION DE FONCTIONNEMENT RECETTES Chapitre 00 : REPORTS Approuvé à l'unanimité Chapitre 70 :VENTES Approuvé à l'unanimité Chapitre 74 : SUBVENTIONS Approuvé à l'unanimité Chapitre 77 : PRODUITS Approuvé à l'unanimité Montant total des Recettes : 93 032,00 € SECTION D’INVESTISSEMENT DEPENSES Chapitre 00 : REPORTS Approuvé à …",unanimous,,24,,9,9,https://web.archive.org/web/20081112035413/http://www.montolieu.fr/docs/CRCM%2020070503.pdf#page=9,,
2007-05-03,archive,22,,"… D'INVESTISSEMENT Approuvé à l'unanimité Chapitre 16 : EMPRUNTS POUR : 10 CONTRE: 1 Montant total des Recettes : 877 971,00 € Après les votes réalisés chapitre par chapitre, le budget [name withheld]/2007 est adopté. Budget [name withheld]/2007 SECTION DE FONCTIONNEMENT DEPENSES Chapitre 00 : REPORTS Approuvé à l'unanimité Chapitre 60 : ACHATS Approuvé à l'unanimité Chapitre 62 : AUTRES FRAIS Approuvé à l'unanimité Chapitre 66 :CHARGES Approuvé à l'unanimité",unanimous,,,,8,8,https://web.archive.org/web/20081112035413/http://www.montolieu.fr/docs/CRCM%2020070503.pdf#page=8,,
2007-05-03,archive,21,,"Chapitre 020 : IMMOBILISATIONS INCORPORELLES POUR : 9 CONTRE : 5 ([name withheld] D., [name withheld] C.) Chapitre 21 : IMMOBILISATIONS CORPORELLES Approuvé à l’unanimité Chapitre 23 : IMMOBILISATIONS INCORPORELLES POUR : 12 CONTRE : 2 Montant total des Dépenses : 877 971,00 € SECTION D'INVESTISSEMENT RECETTES Chapitre 021 : VIREMENT DE LA SECTION DE FONCTIONNEMENT Approuvé à l'unanimité Chapitre 10 : DOTATIONS …",unanimous,,31,,8,8,https://web.archive.org/web/20081112035413/http://www.montolieu.fr/docs/CRCM%2020070503.pdf#page=8,,
2007-05-03,archive,20,,"Chapitre 022 : DEPENSES IMPRÉVUES Approuvé à l'unanimité. Chapitre 023 : VIREMENT A LA SECTION D'INVESTISSEMENT Approuvé à l'unanimité Montant total des Dépenses : 935 189,00 € SECTION DE FONCTIONNEMENT RECETTES Chapitre 70 : PRODUITS DES SERVICES Approuvé à l'unanimité Chapitre 73 : IMPOTS ET TAXES Approuvé à l'unanimité Chapitre 74 : DOTATIONS Approuvé à l'unanimité Chapitre 75 : AUTRES PRODUITS DE GESTION COURANTE Approuvé à l'unanimité Chapitre 77 : PRODUITS [name …",unanimous,,,,7,7,https://web.archive.org/web/20081112035413/http://www.montolieu.fr/docs/CRCM%2020070503.pdf#page=7,,
2007-05-03,archive,19,,Chapitre 66 : CHARGES FINANCIERES Approuvé à l'unanimité. Chapitre 022 : DEPENSES IMPRÉVUES Approuvé à l'unanimité.,unanimous,,,,7,7,https://web.archive.org/web/20081112035413/http://www.montolieu.fr/docs/CRCM%2020070503.pdf#page=7,,
2007-05-03,archive,18,,Monsieur [name withheld] répond que c’est ce qu’il fait. Chapitre 66 : CHARGES FINANCIERES Approuvé à l'unanimité.,unanimous,,,,7,7,https://web.archive.org/web/20081112035413/http://www.montolieu.fr/docs/CRCM%2020070503.pdf#page=7,,
2007-05-03,archive,17,,… [name withheld] 750 € Approuvé à l'unanimité [name withheld] d'Alzonne 300 € Approuvé à l'unanimité [name withheld] 11 30 € Monsieur [name withheld] n'a pas pris par au vote étant [name withheld] de cette Association. Mémorial Anciens [name withheld] 200 € Approuvé à l’unanimité Subvention non affectée 1750 € Approuvé à l’unanimité Mme [name withheld] déclare qu'elle n'a pas l'intention de reprendre en conseil les arguments qui avaient été développés lors d'un rendez-vous qu'elle a eu avec M. le Maire en présence de Mme [name withheld] pour expliquer la demande d'augmentation de la subvention.,unanimous,,,,6,6,https://web.archive.org/web/20081112035413/http://www.montolieu.fr/docs/CRCM%2020070503.pdf#page=6,,
2007-05-03,archive,16,,Monsieur [name withheld] n'a pas pris part au vote. Pierres [name withheld] 300 € Approuvé à l'unanimité [name withheld] de défenses ctre les organismes nuis. 20 € Approuvé à l'unanimité [name withheld] pour le [name withheld] 20 € POUR : 13 CONTRE : 1 [name withheld] 415 € Approuvé à l'unanimité Cabardès Tennis [name withheld] 50 € Approuvé à l'unanimité [name withheld] Départemental du [name withheld] 20 € Approuvé à l'unanimité Subvention [name withheld] 750 € …,unanimous,,13,,6,6,https://web.archive.org/web/20081112035413/http://www.montolieu.fr/docs/CRCM%2020070503.pdf#page=6,,
2007-05-03,archive,15,,La [name withheld] de la Dure 340 € Approuvé à l'unanimité [name withheld] 320 € Approuvé à l'unanimité S.P.A 402 € Approuvé à l’unanimité Ecole de [name withheld] 320 € Approuvé à l’unanimité [name withheld]. Centre [name withheld] de la [name withheld] 120 € Approuvé à l'unanimité [name withheld] d'Art 80 € Approuvé à l'unanimité [name withheld].S.E. de [name withheld] 23 € Approuvé à l'unanimité,unanimous,,,,5,5,https://web.archive.org/web/20081112035413/http://www.montolieu.fr/docs/CRCM%2020070503.pdf#page=5,,
2007-05-03,archive,14,,Montolieu Village du [name withheld] 8000 € POUR : 12 CONTRE : 1 Madame [name withheld] n'a pas pris part au vote étant [name withheld] de cette Association. La [name withheld] de la Dure 340 € Approuvé à l'unanimité [name withheld] 320 € Approuvé à l'unanimité S.P.A 402 € Approuvé à l’unanimité Ecole de [name withheld] 320 € Approuvé à l’unanimité [name withheld].,unanimous,,,,5,5,https://web.archive.org/web/20081112035413/http://www.montolieu.fr/docs/CRCM%2020070503.pdf#page=5,,
2007-05-03,archive,13,,… à l'unanimité [name withheld] des [name withheld] d'Elèves 560 € Approuvé à l'unanimité [name withheld] des [name withheld] 5600 € Approuvé à l’unanimité Maison des Jeunes 400 € Approuvé à l'unanimité [name withheld]. Montolieu Village du [name withheld] 8000 € POUR : 12 CONTRE : 1 Madame [name withheld] n'a pas pris part au vote étant [name withheld] de cette Association.,majority,,12,,5,5,https://web.archive.org/web/20081112035413/http://www.montolieu.fr/docs/CRCM%2020070503.pdf#page=5,,
2007-05-03,archive,12,,… Association des [name withheld] 100 € Approuvé à l'unanimité [name withheld] d'Animation 950 € Approuvé à l'unanimité Monsieur [name withheld] n'a pas pris par au vote étant [name withheld] de cette Association. Club du 3ème âge 320 € Approuvé à l'unanimité A.C.C.A. de Montolieu 530 € Approuvé à l'unanimité [name withheld] des [name withheld] d'Elèves 560 € Approuvé à l'unanimité [name withheld] des [name withheld] 5600 € Approuvé à l’unanimité Maison des Jeunes 400 € Approuvé à l'unanimité [name withheld].,unanimous,,,,5,5,https://web.archive.org/web/20081112035413/http://www.montolieu.fr/docs/CRCM%2020070503.pdf#page=5,,
2007-05-03,archive,11,,Amis de la [name withheld] 800 € Approuvé à l'unanimité Association des [name withheld] 100 € Approuvé à l'unanimité [name withheld] d'Animation 950 € Approuvé à l'unanimité Monsieur [name withheld] n'a pas pris par au vote étant [name withheld] de cette Association.,unanimous,,,,5,5,https://web.archive.org/web/20081112035413/http://www.montolieu.fr/docs/CRCM%2020070503.pdf#page=5,,
2007-05-03,archive,10,,Cult et [name withheld]. Ecole Publique 2500 € Approuvé à l'unanimité Association des [name withheld] de l'Aude 130 € Approuvé à l'unanimité Anciens d'Algérie 120 € Approuvé à l'unanimité Anciens [name withheld] 120 € Approuvé à l'unanimité,unanimous,,,,4,4,https://web.archive.org/web/20081112035413/http://www.montolieu.fr/docs/CRCM%2020070503.pdf#page=4,,
2007-05-03,archive,9,,Chapitre 65 : AUTRES CHARGES DE GESTION COURANTE POUR : 11 CONTRE : 3 [name withheld] du vote de l'article 6574 – Subventions aux associations. Football [name withheld] Cabardès 2900 € Approuvé à l'unanimité [name withheld].,unanimous,,,,4,4,https://web.archive.org/web/20081112035413/http://www.montolieu.fr/docs/CRCM%2020070503.pdf#page=4,,
2007-05-03,archive,8,,Chapitre 64 : CHARGES DE PERSONNEL Approuvé à l'unanimité. Chapitre 65 : AUTRES CHARGES DE GESTION COURANTE POUR : 11 CONTRE : 3 [name withheld] du vote de l'article 6574 – Subventions aux associations.,majority,,11,,4,4,https://web.archive.org/web/20081112035413/http://www.montolieu.fr/docs/CRCM%2020070503.pdf#page=4,,
2007-05-03,archive,7,,Chapitre 63 : IMPOTS ET TAXES Approuvé à l'unanimité. Chapitre 64 : CHARGES DE PERSONNEL Approuvé à l'unanimité.,unanimous,,,,4,4,https://web.archive.org/web/20081112035413/http://www.montolieu.fr/docs/CRCM%2020070503.pdf#page=4,,
2007-05-03,archive,6,,"… de 35 000 € prévue pour la rémunération des honoraires de l'avocat et de l'expert engagés dans l'affaire de la piscine, sans que le Conseil ait la moindre idée de ce qu'il peut en espérer, est absolument inadmissible. Chapitre 63 : IMPOTS ET TAXES Approuvé à l'unanimité.",unanimous,,,,4,4,https://web.archive.org/web/20081112035413/http://www.montolieu.fr/docs/CRCM%2020070503.pdf#page=4,,
2007-05-03,archive,5,,"Le Budget [name withheld]/2006 est donc présenté et proposé sous la forme d'un vote formel chapitre par chapitre, dont : Détail des votes : SECTION DE FONCTIONNEMENT DÉPENSES Chapitre 60 : ACHATS ET VARIATIONS DE STOCKS POUR : 12 CONTRE : 2 Chapitre 61 : SERVICES EXTÉRIEURS POUR : 10 CONTRE : 4 Chapitre 62 : AUTRES SERVICES EXTÉRIEURS POUR : 9 CONTRE : 5 ([name withheld] D.) Mme [name withheld] fait observer que la …",majority,,31,,4,4,https://web.archive.org/web/20081112035413/http://www.montolieu.fr/docs/CRCM%2020070503.pdf#page=4,,
2007-05-03,archive,4,,… : 300 € Location Foyer aux personnes extérieures à la commune : 300 € Caution Foyer aux personnes extérieures à la commune : 500 € Location cuisine Foyer : 30 € Caution cuisine : Comprise avec la caution Foyer. Forfait auto-laveuse obligatoire : 30 € Le Conseil donne son accord à l'unanimité.,unanimous,,,,3,3,https://web.archive.org/web/20081112035413/http://www.montolieu.fr/docs/CRCM%2020070503.pdf#page=3,,
2007-05-03,archive,3,,"Taux des taxes communales 2006. Monsieur [name withheld] propose au Conseil de reconduire les taux des contributions directes du budget [name withheld]/2006 au budget [name withheld]/2007 : Taxe d'habitation : 18,58 % Taxe foncière sur les propriétés bâties : 27,86 % Taxe foncière sur les propriétés non bâties : 87,68 % Taxe professionnelle : 14,33 % POUR : 13 ABSTENTION : 1 Tarifs communaux 2006.",majority,,,13,3,3,https://web.archive.org/web/20081112035413/http://www.montolieu.fr/docs/CRCM%2020070503.pdf#page=3,,
2007-05-03,archive,2,,"POUR : 12 ([name withheld] C., [name withheld] D., [name withheld]). ABSTENTION : 1 Les comptes de gestion dressés par Madame [name withheld] sont approuvés.",majority,,,1,2,2,https://web.archive.org/web/20081112035413/http://www.montolieu.fr/docs/CRCM%2020070503.pdf#page=2,,
2007-05-03,archive,1,,"… d'Investissement : 9 910,12 € Après la présentation des différents comptes administratifs, Monsieur le Maire propose au Conseil que Monsieur [name withheld] préside la séance des votes des comptes administratifs. Le Conseil donne son accord à l'unanimité.",unanimous,,,,2,2,https://web.archive.org/web/20081112035413/http://www.montolieu.fr/docs/CRCM%2020070503.pdf#page=2,,
2007-02-16,archive,13,,"… a besoin pour cela d'une autorisation de la Municipalité et demande à pouvoir ancrer la digue rive gauche sur le chemin communal du [name withheld] à 4m de profondeur pour remettre ensuite le terrain en l'état. Mme [name withheld] fait observer que ce genre de projet est incontrôlable, que l'économie de l'eau est un des problèmes majeurs du notre époque, qu'on ne peut pas se prononcer sans connaître les incidences. 1 voix contre: [name withheld] 1 abstention: [name withheld] Demande de M. [name withheld] M. [name withheld] a adressé à la Mairie une demande d’exploitation de terrains communaux mitoyens de ses propres …",majority,,1,1,7,7,https://web.archive.org/web/20081112035620/http://www.montolieu.fr/docs/CRCM%2020070216.pdf#page=7,,
2007-02-16,archive,12,,"… (avec procuration), [name withheld] Sculpture [name withheld] Mme [name withheld] propose à la commune d'acheter la sculpture installée depuis plusieurs années dans la cour de la Mairie, pour un montant de 9.000 euros. Abstention: [name withheld] 11 voix contre",majority,,11,,6,6,https://web.archive.org/web/20081112035620/http://www.montolieu.fr/docs/CRCM%2020070216.pdf#page=6,,
2007-02-16,archive,11,,"Mme [name withheld], M. [name withheld], Mme [name withheld], M. [name withheld] déclarent qu'on ne saurait se prononcer sur une pareille somme sans avoir étudié plus sérieusement le problème. Mme [name withheld] fait observer qu'il y a certainement des solutions moins coûteuses et praticables et que si la pompe de relevage doit être installée de façon aussi grossière qu'au centre du village, sur le ravin de l'Alzeau, il vaut mieux l'éviter. 5 conseillers s'abstiennent : [name withheld] (avec procuration), [name withheld] Sculpture [name withheld] Mme [name withheld] propose à la commune d'acheter la …",majority,,,1,6,6,https://web.archive.org/web/20081112035620/http://www.montolieu.fr/docs/CRCM%2020070216.pdf#page=6,,
2007-02-16,archive,10,,"M. [name withheld], suite à un entretien du 29 novembre 2006 en Mairie confirme son intention de céder gratuitement à la commune les parcelles qu'il possède à [name withheld] : Section B n°372 et n°373. Le Conseil donne son accord à l'unanimité.",unanimous,,,,5,5,https://web.archive.org/web/20081112035620/http://www.montolieu.fr/docs/CRCM%2020070216.pdf#page=5,,
2007-02-16,archive,9,,Don de deux parcelles [name withheld] réglant la succession de [name withheld] fait part du désir de la famille de faire don de la parcelle du Bois de [name withheld] Section A n°334 à la Commune. Le Conseil donne son accord à l'unanimité.,unanimous,,,,5,5,https://web.archive.org/web/20081112035620/http://www.montolieu.fr/docs/CRCM%2020070216.pdf#page=5,,
2007-02-16,archive,8,,"M. le Maire demande l'acceptation de ce devis. Mme [name withheld] fait observer que l'on va payer la somme de 6500 euros pour satisfaire quelques intérêts particuliers et sans aucune autre justification, alors que l'étude existante est parfaitement cohérente. 5 voix contre : [name withheld] (et procuration), [name withheld] Le reste des conseillers approuvent.",majority,,5,,5,5,https://web.archive.org/web/20081112035620/http://www.montolieu.fr/docs/CRCM%2020070216.pdf#page=5,,
2007-02-16,archive,7,,Le cabinet [name withheld] fait une proposition d'étude pour la somme de 2.800 euros [name withheld]. 1 abstention: [name withheld] Le principe de l'interdiction de piscine sur le secteur de ce terrain doit être arrêté. Accord du Conseil à l'unanimité.,unanimous,,,,4,4,https://web.archive.org/web/20081112035620/http://www.montolieu.fr/docs/CRCM%2020070216.pdf#page=4,,
2007-02-16,archive,6,,"… Après l'exploration archéologique du terrain [name withheld], il semble que des constructions soient possibles sur sa partie basse, à condition d'envisager des constructions ""sur pilotis"" ou ""fondations spéciales"". Le cabinet [name withheld] fait une proposition d'étude pour la somme de 2.800 euros [name withheld]. 1 abstention: [name withheld] Le principe de l'interdiction de piscine sur le secteur de ce terrain doit être arrêté.",majority,,,1,4,4,https://web.archive.org/web/20081112035620/http://www.montolieu.fr/docs/CRCM%2020070216.pdf#page=4,,
2007-02-16,archive,5,,"Mme [name withheld] répond que l'esthétique n'a jamais empêché le commerce, au contraire. Vote sur la demande de permis de construire: 2 abstentions: [name withheld] Lotissement ""les jardins de [name withheld]"" Après l'exploration archéologique du terrain [name withheld], il semble que des constructions soient possibles sur sa partie basse, à condition d'envisager des constructions ""sur pilotis"" ou ""fondations spéciales"".",majority,,,2,4,4,https://web.archive.org/web/20081112035620/http://www.montolieu.fr/docs/CRCM%2020070216.pdf#page=4,,
2007-02-16,archive,4,,M. [name withheld] donne lecture de l'acte de cession - pour la somme de 762 euros - établi par [name withheld] Le conseil donne son accord à l'unanimité. (Mention est faite au passage du principe juridique selon lequel un compte rendu erroné peut-être considéré comme un abus de pouvoir).,unanimous,,,,3,3,https://web.archive.org/web/20081112035620/http://www.montolieu.fr/docs/CRCM%2020070216.pdf#page=3,,
2007-02-16,archive,3,,"La municipalité avait pris un arrêté de délégations de signatures à la DDE pour accélérer l'instruction des dossiers de demande de permis, cet arrêté doit être renouvelé à la suite de changements de personnels. Mme [name withheld] exprime une certaine méfiance à l'idée de ce besoin d'accélération des dossiers (au vu de certaines expériences passées en matière de permis de construire). 12 voix pour, une abstention: [name withheld] Cession de l'atelier-relais de reliure M. le Maire résume les faits, l'atelier-relais avait été conçu à son origine avec le paiement d'un loyer pendant 15 ans au terme desquels M. [name withheld] …",majority,12,,1,3,3,https://web.archive.org/web/20081112035620/http://www.montolieu.fr/docs/CRCM%2020070216.pdf#page=3,,
2007-02-16,archive,2,,"1ère mission complémentaire (assistance aux travaux de voirie): 33,30 euros [name withheld] : 2 abstentions 2ème mission complémentaire (assistance à l'évaluation des travaux de voirie): 33,30 euros [name withheld] : 2 abstentions 3ème misssion complémentaire (assistance au classement de la voirie): 4ème mission complémentaire (étude et direction de travaux n'excédant pas 90.000 euros [name withheld]): 233 euros …",majority,,7,4,3,3,https://web.archive.org/web/20081112035620/http://www.montolieu.fr/docs/CRCM%2020070216.pdf#page=3,,
2007-02-16,archive,1,,"Monsieur le Maire rappelle que la DDE prépare les dossiers (métrages, chiffrage) et assure la vérification de la conformité des travaux réalisés. Vote: Mission de base 666 euros [name withheld] : 2 abstentions",majority,,,2,2,2,https://web.archive.org/web/20081112035620/http://www.montolieu.fr/docs/CRCM%2020070216.pdf#page=2,,
2006-11-24,archive,11,,"Le nouveau montant du loyer sera de 250 Euros par mois à compter du 1er Décembre 2006, la locataire ne paiera pas les derniers mois de location à concurrence du trop perçu par la Mairie. Mesdames [name withheld] s’abstiennent sur cette décision.",majority,,,1,3,3,https://web.archive.org/web/20071012134316/http://www.montolieu.fr/docs/CRCM%2020061124.pdf#page=3,,
2006-11-24,archive,10,,"Les intéressés auront la possibilité de réitérer leur demande lors de la phase de l’enquête publique. Vote : 11 pour, Madame [name withheld] s’abstient.",majority,,,1,3,3,https://web.archive.org/web/20071012134316/http://www.montolieu.fr/docs/CRCM%2020061124.pdf#page=3,,
2006-11-24,archive,9,,"Parcelle [name withheld] en haut de la côte route de [name withheld], derrière l’immeuble [name withheld] : Accord à la majorité sauf Madame [name withheld] qui s’abstient. Parcelle [name withheld] N° 187 et 189 : Accord à la majorité sauf Madame [name withheld] qui s’abstient.",majority,,,1,3,3,https://web.archive.org/web/20071012134316/http://www.montolieu.fr/docs/CRCM%2020061124.pdf#page=3,,
2006-11-24,archive,8,,"Parcelle [name withheld], propriété [name withheld] : Accord à la majorité sauf Madame [name withheld] qui s’abstient. Parcelle [name withheld] en haut de la côte route de [name withheld], derrière l’immeuble [name withheld] : Accord à la majorité sauf Madame [name withheld] qui s’abstient.",majority,,,1,3,3,https://web.archive.org/web/20071012134316/http://www.montolieu.fr/docs/CRCM%2020061124.pdf#page=3,,
2006-11-24,archive,7,,"Parcelles au lieu dit [name withheld] jusqu’à la propriété de Monsieur [name withheld] : Accord à la majorité sauf Madame [name withheld] qui s’abstient. Parcelle [name withheld], propriété [name withheld] : Accord à la majorité sauf Madame [name withheld] qui s’abstient.",majority,,,1,3,3,https://web.archive.org/web/20071012134316/http://www.montolieu.fr/docs/CRCM%2020061124.pdf#page=3,,
2006-11-24,archive,6,,Les demandes sont les suivantes : Parcelle N°552 à [name withheld] : Accord à la majorité sauf Madame [name withheld] qui s’abstient. Parcelles au lieu dit [name withheld] jusqu’à la propriété de Monsieur [name withheld] : Accord à la majorité sauf Madame [name withheld] qui s’abstient.,majority,,,1,3,3,https://web.archive.org/web/20071012134316/http://www.montolieu.fr/docs/CRCM%2020061124.pdf#page=3,,
2006-11-24,archive,5,,constructibles dans le P.L.U. Les demandes sont les suivantes : Parcelle N°552 à [name withheld] : Accord à la majorité sauf Madame [name withheld] qui s’abstient.,majority,,,1,3,3,https://web.archive.org/web/20071012134316/http://www.montolieu.fr/docs/CRCM%2020061124.pdf#page=3,,
2006-11-24,archive,4,,"Monsieur le Maire met au vote le choix de la commission d’appel d’offres. Le Conseil vote à la majorité, sauf Madame [name withheld] qui est contre, et Madame [name withheld] et Monsieur [name withheld] qui s’abstiennent.",majority,,,1,2,2,https://web.archive.org/web/20071012134316/http://www.montolieu.fr/docs/CRCM%2020061124.pdf#page=2,,
2006-11-24,archive,3,,"Les zones citées ci-dessus sont rendues constructibles par le Conseil à la majorité. Ces précisions étant arrêtées, le compte-rendu du 29 Septembre est adopté à la majorité.",majority,,,,1,1,https://web.archive.org/web/20071012134316/http://www.montolieu.fr/docs/CRCM%2020061124.pdf#page=1,,
2006-11-24,archive,2,,[name withheld]. Les zones citées ci-dessus sont rendues constructibles par le Conseil à la majorité.,majority,,,,1,1,https://web.archive.org/web/20071012134316/http://www.montolieu.fr/docs/CRCM%2020061124.pdf#page=1,,
2006-11-24,archive,1,,"Après désignation du secrétaire, Monsieur le Maire ouvre la séance et demande au Conseil l’approbation du dernier compte-rendu en date du 29 Septembre 2006. Madame [name withheld] précise que le vote sur le P.L.U. n’a pas été adopté à l’unanimité, mais à la majorité, eu égard à son abstention sur tous les points, ainsi que celle de Madame [name withheld].",unanimous,,,,1,1,https://web.archive.org/web/20071012134316/http://www.montolieu.fr/docs/CRCM%2020061124.pdf#page=1,,
2006-09-29,archive,4,,"… par secteur, les zones susceptible d'être agrandies à savoir : Hameau des [name withheld] Les [name withheld] l'Horte de [name withheld], Le [name withheld] Pont [name withheld] et une petite partie des [name withheld] POUR : 11 ABSTENTION : 1 CONTRE : 1 Monsieur [name withheld] précise qu'il vote contre ces propositions, car il estime que toutes les demandes de terrains constructibles doivent être satisfaites.",majority,,1,11,3,3,https://web.archive.org/web/20071012134334/http://www.montolieu.fr/docs/CRCM%2020060929.pdf#page=3,,
2006-09-29,archive,3,,"Pour sa part, considérant que le bureau d'études n'est ni averti des réunions ni consulté et que la démarche est absurde, elle s'abstiendra d'un bout à l'autre du débat. Le Conseil à l'unanimité est pour le maintien des parcelles constructibles du P.O.S dans le P.L.U.",unanimous,,,,3,3,https://web.archive.org/web/20071012134334/http://www.montolieu.fr/docs/CRCM%2020060929.pdf#page=3,,
2006-09-29,archive,2,,"Monsieur [name withheld] répond qu'il n'y a pas lieu de prendre ces fonds sur ce projet, l'affectation des crédits ne pouvant être modifiée. Le Conseil municipal se prononce comme suit pour contracter l'emprunt : Pour : 8 Abstention : 1 ([name withheld] D.) Contre : 4 [name withheld] 3 entreprises ont présenté des devis.",majority,,4,8,2,2,https://web.archive.org/web/20071012134334/http://www.montolieu.fr/docs/CRCM%2020060929.pdf#page=2,,
2006-09-29,archive,1,,"La commission a donc décidé de retenir le véhicule de marque [name withheld] au prix de 27 400 € H.T. Le Conseil se prononce comme suit sur la proposition de la commission modernisation : Pour : 9 Abstention : 1 ([name withheld] D.) Contre : 3 Pour information, une offre a été faite à hauteur de 4 000 €uros pour l'achat de l'ancien camion.",majority,,3,9,1,1,https://web.archive.org/web/20071012134334/http://www.montolieu.fr/docs/CRCM%2020060929.pdf#page=1,,
2006-08-19,archive,5,,prononcer valablement.Mr Le Maire met au vote les modifications ; 5abstentions [name withheld] duex procurations Mr et Mme [name withheld] 12 SIVOM La commune de [name withheld] souhaite se retirer du SIVOM ;Tout le monde est pour sauf Mme [name withheld] qui s’abstient 13 COURRIER AVEC Mr le Maire lit un courrier de l’association AVEC à propos de la journée de développement local au mois d’octobre.on propose de …,majority,,,1,3,3,https://web.archive.org/web/20071012134153/http://www.montolieu.fr/docs/CRCM%2020060819.pdf#page=3,,
2006-08-19,archive,4,,Mr [name withheld] interrompt le conseil et enjoint le Maire de bien vouloir traiter les questions diverses et menace de quitter la séance si cela n’est pas fait. Mr le Maire s’engage formellement à le faire dès la fin de l’ordre du jour.Le conseil reprend 7 DELIBERATION [name withheld] « REMUNERATION DES [name withheld] » Pour régler les honoraires des architectes qui s’élèvent à 16231Euros Mr le Maire propose d’utiliser 17000 Euros du point 2313.018 pour la construction du local des médecins.Mr [name withheld] s’étonne que ces honoraires n’aient pas été prévus.Tout le …,majority,,,2,2,2,https://web.archive.org/web/20071012134153/http://www.montolieu.fr/docs/CRCM%2020060819.pdf#page=2,,
2006-08-19,archive,3,,… est pour sauf deux abstentions Mr [name withheld] et Mme [name withheld] et procurations.Mr [name withheld] suggère que l’esquisse ne soit pas payée si le projet est accepté.Mr le Maire réponds que ceci est implicite. Un courrier sera donc envoyé à melle [name withheld]. 3.ACHAT D’UN CAMION Mr le Maire rappelle que le camion actuel est en très mauvais état et qu’il est nécessaire de le remplacer.Une commission se réunira le mercredi 23 aout. 4.CONVENTION [name withheld] Une ligne [name withheld] traverse la commune.RET transports demande l’autorisation de déboiser sous l’emplacement de la ligne Vote à l’unanimité pour la …,unanimous,,2,,2,2,https://web.archive.org/web/20071012134153/http://www.montolieu.fr/docs/CRCM%2020060819.pdf#page=2,,
2006-08-19,archive,2,,… d’autre boucher dans la commune.Mme [name withheld] regrette qu’un seul projet soit étudié et que l’on a pas vraiment le choix.A quoi Mr le maire répond que multiplier les projets a un coût.La décision est mise au vote. Tout le monde est pour sauf deux abstentions Mr [name withheld] et Mme [name withheld] et procurations.Mr [name withheld] suggère que l’esquisse ne soit pas payée si le projet est accepté.Mr le Maire réponds que ceci est implicite.,majority,,,2,2,2,https://web.archive.org/web/20071012134153/http://www.montolieu.fr/docs/CRCM%2020060819.pdf#page=2,,
2006-08-19,archive,1,,"Secrétariat de séance : [name withheld]. I MODIFICATIONS A APPORTER AU COMPTE-RENDU DU CONSEIL PRECEDENT Après le vote concernant l’engagement d’une action en justice(6 voix contre 6) la séance s’est terminée par le choix entre [name withheld].Mr le maire a fait part de sa préférence pour Mme [name withheld] (pour des raisons de commodité, celle-çi étant à Montolieu )Mme [name withheld] s ‘est élevée contre cette proposition.Mr [name withheld] a fait …",majority,,6,,1,1,https://web.archive.org/web/20071012134153/http://www.montolieu.fr/docs/CRCM%2020060819.pdf#page=1,,
2006-06-17,archive,1,,"… et démarches administratives par un appel d’offres auprès d’architectes, emprunt, le matériel financé par les pétitionnaires, ces derniers seraient redevables d’un loyer, la Commune restant propriétaire des lieux. L’accord de principe est voté à la majorité des membres présents.",majority,,,,1,1,https://web.archive.org/web/20071012134213/http://www.montolieu.fr/docs/CRCM%2020060617.pdf#page=1,,
2006-05-30,archive,1,,"… ne changent rien sur l’extérieur des bâtiments ; deuxième solution prolonger la coursive pour accès par ouverture centrale ; troisième solution accès aux logements par escaliers intérieur et extérieur existants. Le choix est soumis au vote, le Conseil se prononce à la majorité pour la solution n°1 saut Madame [name withheld] qui s’abstient étant favorable à la solution n°3.",majority,,,1,2,2,https://web.archive.org/web/20071012134251/http://www.montolieu.fr/docs/CRCM%2020060530.pdf#page=2,,
2006-05-05,archive,22,,SECTION D'INVESTISSEMENT DEPENSES Chapitre 001 : DEFICIT D'INVESTISSEMENT REPORTE Approuvé à l'unanimité Chapitre 020 : DEPENSES IMPREVUES Approuvé à l'unanimité Chapitre 16 : REMBOURSEMENT [name withheld] Approuvé à l'unanimité Chapitre 21 : IMMOBILISATIONS CORPORELLES POUR : 10 ABSTENTION : 1 Chapitre 23 : IMMOBILISATIONS INCORPORELLES POUR : 10 ABSTENTION : 1 SECTION D'INVESTISSEMENT RECETTES Chapitre 021 : …,unanimous,,,30,5,5,https://web.archive.org/web/20071012134138/http://www.montolieu.fr/docs/CRCM%2020060505.pdf#page=5,,
2006-05-05,archive,21,,Théâtre [name withheld] 750 € Approuvé à l'unanimité Subvention [name withheld]. Truite de la Dure 750 € POUR : 10 ABSTENTION : 1 [name withheld] d'Alzonne 300 € Approuvé à l'unanimité Subvention non affectée 1200 € Approuvé à l'unanimité SECTION DE FONCTIONNEMENT RECETTES Chapitre 70 : PRODUITS DES SERVICES Approuvé à l'unanimité Chapitre 73 : IMPOTS ET TAXES Approuvé à l'unanimité Chapitre 74 : DOTATIONS Approuvé à l'unanimité Chapitre 75 : AUTRES PRODUITS DE GESTION COURANTE Approuvé à …,unanimous,,,10,4,4,https://web.archive.org/web/20071012134138/http://www.montolieu.fr/docs/CRCM%2020060505.pdf#page=4,,
2006-05-05,archive,20,,Cabardès Tennis [name withheld] 50 € Approuvé à l'unanimité [name withheld] Départemental du [name withheld] 20 € Approuvé à l'unanimité Subvention [name withheld]. Théâtre [name withheld] 750 € Approuvé à l'unanimité Subvention [name withheld].,unanimous,,,,4,4,https://web.archive.org/web/20071012134138/http://www.montolieu.fr/docs/CRCM%2020060505.pdf#page=4,,
2006-05-05,archive,19,,Cabardès Tennis [name withheld] 50 € Approuvé à l'unanimité [name withheld] Départemental du [name withheld] 20 € Approuvé à l'unanimité Subvention [name withheld].,unanimous,,,,4,4,https://web.archive.org/web/20071012134138/http://www.montolieu.fr/docs/CRCM%2020060505.pdf#page=4,,
2006-05-05,archive,18,,"… [name withheld] 120 € Approuvé à l'unanimité [name withheld] d'Art 77 € Approuvé à l'unanimité [name withheld].S.E. de [name withheld] 22,50 € Approuvé à l'unanimité Monsieur [name withheld] n'a pas pris part au vote. Pierres [name withheld] 270 € Approuvé à l'unanimité [name withheld] de défenses ctre les organismes nuis. 20 € Approuvé à l'unanimité [name withheld] pour le [name withheld] 20 € Approuvé à l'unanimité [name withheld] 415 € Approuvé à l'unanimité",unanimous,,,,3,3,https://web.archive.org/web/20071012134138/http://www.montolieu.fr/docs/CRCM%2020060505.pdf#page=3,,
2006-05-05,archive,17,,"La [name withheld] de la Dure 340 € Approuvé à l'unanimité [name withheld] 320 € Approuvé à l'unanimité [name withheld]. Centre [name withheld] de la [name withheld] 120 € Approuvé à l'unanimité [name withheld] d'Art 77 € Approuvé à l'unanimité [name withheld].S.E. de [name withheld] 22,50 € Approuvé à l'unanimité Monsieur [name withheld] n'a pas pris part au vote.",unanimous,,,,3,3,https://web.archive.org/web/20071012134138/http://www.montolieu.fr/docs/CRCM%2020060505.pdf#page=3,,
2006-05-05,archive,16,,Montolieu Village du [name withheld] 8000 € POUR : 9 CONTRE : 1 Madame [name withheld] n'a pas pris part au vote étant [name withheld] de cette Association. La [name withheld] de la Dure 340 € Approuvé à l'unanimité [name withheld] 320 € Approuvé à l'unanimité [name withheld].,unanimous,,,,3,3,https://web.archive.org/web/20071012134138/http://www.montolieu.fr/docs/CRCM%2020060505.pdf#page=3,,
2006-05-05,archive,15,,… à l'unanimité [name withheld] des [name withheld] d'Elèves 560 € Approuvé à l'unanimité [name withheld] des [name withheld] 5600 € POUR :10 ABSTENTION : 1 Maison des Jeunes 400 € Approuvé à l'unanimité [name withheld]. Montolieu Village du [name withheld] 8000 € POUR : 9 CONTRE : 1 Madame [name withheld] n'a pas pris part au vote étant [name withheld] de cette Association.,majority,,9,,3,3,https://web.archive.org/web/20071012134138/http://www.montolieu.fr/docs/CRCM%2020060505.pdf#page=3,,
2006-05-05,archive,14,,Comité d'Animation 950 € Approuvé à l'unanimité Monsieur [name withheld] n'a pas pris par au vote étant [name withheld] de cette Association. Club du 3ème âge 320 € Approuvé à l'unanimité A.C.C.A. de Montolieu 530 € Approuvé à l'unanimité [name withheld] des [name withheld] d'Elèves 560 € Approuvé à l'unanimité [name withheld] des [name withheld] 5600 € POUR :10 ABSTENTION : 1 Maison des Jeunes 400 € Approuvé à l'unanimité [name withheld].,unanimous,,,10,3,3,https://web.archive.org/web/20071012134138/http://www.montolieu.fr/docs/CRCM%2020060505.pdf#page=3,,
2006-05-05,archive,13,,Comité d'Animation 950 € Approuvé à l'unanimité Monsieur [name withheld] n'a pas pris par au vote étant [name withheld] de cette Association.,unanimous,,,,3,3,https://web.archive.org/web/20071012134138/http://www.montolieu.fr/docs/CRCM%2020060505.pdf#page=3,,
2006-05-05,archive,12,,Cult et [name withheld]. Ecole Publique 2500 € Approuvé à l'unanimité Association des [name withheld] de l'Aude 130 € Approuvé à l'unanimité Anciens d'Algérie 120 € Approuvé à l'unanimité Anciens [name withheld] 120 € Approuvé à l'unanimité [name withheld] de la [name withheld] 800 € Approuvé à l'unanimité Association des [name withheld] 100 € Approuvé à l'unanimité,unanimous,,,,2,2,https://web.archive.org/web/20071012134138/http://www.montolieu.fr/docs/CRCM%2020060505.pdf#page=2,,
2006-05-05,archive,11,,Chapitre 023 : VIREMENT A LA SECTION D'INVESTISSEMENT Approuvé à l'unanimité [name withheld] du vote de l'article 6574 – Subventions aux associations. Football [name withheld] Cabardès 2900 € Approuvé à l'unanimité [name withheld].,unanimous,,,,2,2,https://web.archive.org/web/20071012134138/http://www.montolieu.fr/docs/CRCM%2020060505.pdf#page=2,,
2006-05-05,archive,10,,Chapitre 022 : DEPENSES IMPRÉVUES Approuvé à l'unanimité. Chapitre 023 : VIREMENT A LA SECTION D'INVESTISSEMENT Approuvé à l'unanimité [name withheld] du vote de l'article 6574 – Subventions aux associations.,unanimous,,,,2,2,https://web.archive.org/web/20071012134138/http://www.montolieu.fr/docs/CRCM%2020060505.pdf#page=2,,
2006-05-05,archive,9,,Chapitre 66 : CHARGES FINANCIERES Approuvé à l'unanimité. Chapitre 022 : DEPENSES IMPRÉVUES Approuvé à l'unanimité.,unanimous,,,,2,2,https://web.archive.org/web/20071012134138/http://www.montolieu.fr/docs/CRCM%2020060505.pdf#page=2,,
2006-05-05,archive,8,,"Le résultat du vote est le suivant : POUR : 10 CONTRE : 1 Après le vote de ces deux budgets, l'on reprend la présentation du budget [name withheld]/2006. Chapitre 66 : CHARGES FINANCIERES Approuvé à l'unanimité.",unanimous,,,,2,2,https://web.archive.org/web/20071012134138/http://www.montolieu.fr/docs/CRCM%2020060505.pdf#page=2,,
2006-05-05,archive,7,,"Le budget CCAS/2006 est également présenté dans son ensemble et proposé au vote. Le résultat du vote est le suivant : POUR : 10 CONTRE : 1 Après le vote de ces deux budgets, l'on reprend la présentation du budget [name withheld]/2006.",majority,,10,,2,2,https://web.archive.org/web/20071012134138/http://www.montolieu.fr/docs/CRCM%2020060505.pdf#page=2,,
2006-05-05,archive,6,,Chapitre 65 : AUTRES CHARGES DE GESTION COURANTE POUR : 9 CONTRE : 2 Le Budget [name withheld]/2006 est présenté dans son ensemble et proposé au vote. Le Conseil Municipal donne son accord à l'unanimité.,unanimous,,,,2,2,https://web.archive.org/web/20071012134138/http://www.montolieu.fr/docs/CRCM%2020060505.pdf#page=2,,
2006-05-05,archive,5,,Chapitre 65 : AUTRES CHARGES DE GESTION COURANTE POUR : 9 CONTRE : 2 Le Budget [name withheld]/2006 est présenté dans son ensemble et proposé au vote.,majority,,9,,2,2,https://web.archive.org/web/20071012134138/http://www.montolieu.fr/docs/CRCM%2020060505.pdf#page=2,,
2006-05-05,archive,4,,Chapitre 63 : IMPOTS ET TAXES Approuvé à l'unanimité. Chapitre 64 : CHARGES DE PERSONNEL Approuvé à l'unanimité.,unanimous,,,,1,1,https://web.archive.org/web/20071012134138/http://www.montolieu.fr/docs/CRCM%2020060505.pdf#page=1,,
2006-05-05,archive,3,,Chapitre 61 : SERVICES EXTÉRIEURS POUR : 10 CONTRE : 1 Chapitre 62 : AUTRES SERVICES EXTÉRIEURS Approuvé à l'unanimité. Chapitre 63 : IMPOTS ET TAXES Approuvé à l'unanimité.,unanimous,,,,1,1,https://web.archive.org/web/20071012134138/http://www.montolieu.fr/docs/CRCM%2020060505.pdf#page=1,,
2006-05-05,archive,2,,"… est présenté et proposé sous la forme d'un vote formel chapitre par chapitre, dont : Détail des votes : SECTION DE FONCTIONNEMENT DÉPENSES Chapitre 60 : ACHATS ET VARIATIONS DE STOCKS Approuvé à l'unanimité. Chapitre 61 : SERVICES EXTÉRIEURS POUR : 10 CONTRE : 1 Chapitre 62 : AUTRES SERVICES EXTÉRIEURS Approuvé à l'unanimité.",unanimous,,10,,1,1,https://web.archive.org/web/20071012134138/http://www.montolieu.fr/docs/CRCM%2020060505.pdf#page=1,,
2006-05-05,archive,1,,"… apporte quelques modifications au compte-rendu qui sont immédiatement manuscrites sur le registre des délibérations par Monsieur [name withheld] des budgets [name withheld]/2006, [name withheld]/2006, CCAS/2006. Le Budget [name withheld]/2006 est présenté et proposé sous la forme d'un vote formel chapitre par chapitre, dont : Détail des votes : SECTION DE FONCTIONNEMENT DÉPENSES Chapitre 60 : ACHATS ET VARIATIONS DE STOCKS Approuvé à l'unanimité.",unanimous,,,,1,1,https://web.archive.org/web/20071012134138/http://www.montolieu.fr/docs/CRCM%2020060505.pdf#page=1,,
2006-04-22,archive,8,,"Monsieur [name withheld] demande au Conseil de se prononcer sur la proposition de Monsieur [name withheld]. POUR : 8 ABSTENTION : 3 ([name withheld] C., [name withheld] D., [name withheld]) CONTRE : 2 Il est rappelé que deux plaques commémoratives aux noms de [name withheld] seront posées sur la façade du [name withheld].",majority,,2,8,4,4,https://web.archive.org/web/20071012134429/http://www.montolieu.fr/docs/CRCM%2020060422.pdf#page=4,,
2006-04-22,archive,7,,… des voies piétonnes ; - Accès des véhicules jusqu'aux abords immédiats des maisons ; - 3 bassins de 20 m3 pour récupération des eaux pluviales ; - Le mur en pierre de la rue du Général [name withheld] sera maintenu. Monsieur le Maire demande au Conseil de déposer le permis de lotir : POUR : 12 CONTRE : 1 Il est également signalé que la majorité des voitures descendent de la Route d'Alzonne à une vitesse excessive.,majority,,12,,4,4,https://web.archive.org/web/20071012134429/http://www.montolieu.fr/docs/CRCM%2020060422.pdf#page=4,,
2006-04-22,archive,6,,Le projet est estimé à 230 250 €uros H.T. Monsieur [name withheld] demande au Conseil de se prononcer sur ce projet : POUR : 11 CONTRE : 1 Monsieur [name withheld] précise qu'il est contre ce projet tel qu'il est présenté.,majority,,11,,5,5,https://web.archive.org/web/20071012134440/http://www.montolieu.fr/docs/CRCM%2020060304.pdf#page=5,,
2006-04-22,archive,6,,Monsieur le Maire demande au Conseil de prendre un accord de principe. POUR : 12 ABSTENTION : 1 Monsieur [name withheld] fait part de son inquiétude quant à l'ouverture de la piscine pour cette saison.,majority,,,12,3,3,https://web.archive.org/web/20071012134429/http://www.montolieu.fr/docs/CRCM%2020060422.pdf#page=3,,
2006-04-22,archive,5,,Monsieur [name withheld] demande au Conseil de prendre un accord de principe sur cet achat. POUR : 12 ABSTENTION : 1 CONTRE : 1 Location d'un local communal.,majority,,1,12,5,5,https://web.archive.org/web/20071012134440/http://www.montolieu.fr/docs/CRCM%2020060304.pdf#page=5,,
2006-04-22,archive,5,,… : 300 € Location Foyer aux personnes extérieures à la commune : 300 € Caution Foyer aux personnes extérieures à la commune : 500 € Location cuisine Foyer : 30 € Caution cuisine : Comprise avec la caution Foyer. Forfait auto-laveuse obligatoire : 30 € Le Conseil donne son accord à l'unanimité.,unanimous,,,,3,3,https://web.archive.org/web/20071012134429/http://www.montolieu.fr/docs/CRCM%2020060422.pdf#page=3,,
2006-04-22,archive,4,,"Cette demande est motivée par le fait que le camion de collecte des ordures ménagères emprunte ce chemin ainsi que les services de la Poste. Etant donné que cela serait une charge supplémentaire pour la Commune (entretien, frais de goudronnage etc.), le Conseil Municipal décide à l'unanimité, de ne pas donner une suite favorable à la requête de Monsieur et Madame [name withheld].",unanimous,,,,4,4,https://web.archive.org/web/20071012134440/http://www.montolieu.fr/docs/CRCM%2020060304.pdf#page=4,,
2006-04-22,archive,4,,"Taxe d'habitation : 18,58 % Taxe foncière sur les propriétés bâties : 27,86 % Taxe foncière sur les propriétés non bâties : 87,68 % Taxe professionnelle : 14,33 % POUR : 13 ABSTENTION : 1 Monsieur [name withheld] demande à Messieurs [name withheld] délégués à la Communauté de Communes, d'être plus vigilants sur les votes de cette structure et notamment sur les taux d'impositions.",majority,,,13,3,3,https://web.archive.org/web/20071012134429/http://www.montolieu.fr/docs/CRCM%2020060422.pdf#page=3,,
2006-04-22,archive,3,,"… être pratiqué comme taux de taxation pour les communes voisines, à savoir 2% en moyenne, Monsieur [name withheld] propose au Conseil de fixer le taux de cette taxe à 1,50% et de l'instaurer à compter du 01 Avril 2006. Le Conseil se prononce comme suit : POUR : 12 ABSTENTION : 1 CONTRE : 1 La taxe pour le raccordement au réseau d'assainissement est maintenue pour un montant forfaitaire de 450 €uros, pour un nouveau raccordement.",majority,,1,12,4,4,https://web.archive.org/web/20071012134440/http://www.montolieu.fr/docs/CRCM%2020060304.pdf#page=4,,
2006-04-22,archive,3,,Comptes de Gestions 2005 [name withheld] C.C.A.S Monsieur le Maire propose au Conseil d'approuver les comptes de gestions dressés par Madame [name withheld] du Trésor à [name withheld]. Les comptes des gestions sont approuvés à l'unanimité.,unanimous,,,,2,2,https://web.archive.org/web/20071012134429/http://www.montolieu.fr/docs/CRCM%2020060422.pdf#page=2,,
2006-04-22,archive,2,,"Selon Madame [name withheld], il y a une amélioration au niveau des services et animations enfants/adolescents, sur l'intercommunalité. Modification apportée : ""Messieurs [name withheld] regrettent qu'un certain nombre de questions soient débattues à la Communauté de Communes sans que la Commune en soit avertie."" ……../ Après ces modifications le procès-verbal du Conseil Municipal est adopté à l'unanimité et l'on peut passer à l'ordre du jour.",unanimous,,,,3,3,https://web.archive.org/web/20071012134440/http://www.montolieu.fr/docs/CRCM%2020060304.pdf#page=3,,
2006-04-22,archive,2,,"Le Conseil donne son accord à l'unanimité. Monsieur le Maire se retire de la salle et Monsieur [name withheld] demande au Conseil d'approuver les différents comptes administratifs : Les résultats des votes sont : Compte Administratif [name withheld]/2005 : POUR : 10 ([name withheld] D., [name withheld] C., [name withheld] ) CONTRE : 2.",majority,,2,,2,2,https://web.archive.org/web/20071012134429/http://www.montolieu.fr/docs/CRCM%2020060422.pdf#page=2,,
2006-04-22,archive,1,,"… donne lecture de la délibération du Conseil Communautaire du 21 Décembre 2005 relative à la modification des statuts de la Communauté de Communes, afin d'intégrer aux compétences le Contrat [name withheld] Local. Le Conseil donne son accord à l'unanimité.",unanimous,,,,3,3,https://web.archive.org/web/20071012134440/http://www.montolieu.fr/docs/CRCM%2020060304.pdf#page=3,,
2006-04-22,archive,1,,"… d'Investissement : 9 910,12 € Après la présentation des différents comptes administratifs, Monsieur le Maire propose au Conseil que Monsieur [name withheld] préside la séance des votes des comptes administratifs. Le Conseil donne son accord à l'unanimité.",unanimous,,,,2,2,https://web.archive.org/web/20071012134429/http://www.montolieu.fr/docs/CRCM%2020060422.pdf#page=2,,
2006-01-14,archive,11,,Le chiffrage des travaux a été effectué par la [name withheld] et s'élève à 46 800 € H.T. Le Conseil donne son accord à l'unanimité et décide de demander une subvention à l'Etat et au Conseil Général pour financer ces travaux.,unanimous,,,,4,4,https://web.archive.org/web/20061123183038/http://www.montolieu.fr/docs/CRCM140106.pdf#page=4,,
2006-01-14,archive,10,,"… donne lecture de la délibération du Conseil Communautaire du 21 Décembre 2005 relative à la modification des statuts de la Communauté de Communes, afin d'intégrer aux compétences le Contrat [name withheld] Local. Le Conseil donne son accord à l'unanimité.",unanimous,,,,4,4,https://web.archive.org/web/20061123183038/http://www.montolieu.fr/docs/CRCM140106.pdf#page=4,,
2006-01-14,archive,9,,Les places de parking prévues initialement sur cet emplacement réservé seront intégrées aux projets de lotissements qui compteront un nombre de places supérieurs aux besoins propres de celui-ci. Le Conseil donne son accord à l'unanimité pour ces nouvelles dispositions.,unanimous,,,,3,3,https://web.archive.org/web/20061123183038/http://www.montolieu.fr/docs/CRCM140106.pdf#page=3,,
2006-01-14,archive,8,,"Dans ce dernier cas, la hauteur sera définie au programme des travaux. Le Conseil donne son accord à l'unanimité.",unanimous,,,,3,3,https://web.archive.org/web/20061123183038/http://www.montolieu.fr/docs/CRCM140106.pdf#page=3,,
2006-01-14,archive,7,,Les autres dispositions restent en vigueur. Le Conseil donne son accord à l'unanimité.,unanimous,,,,3,3,https://web.archive.org/web/20061123183038/http://www.montolieu.fr/docs/CRCM140106.pdf#page=3,,
2006-01-14,archive,6,,Les autres dispositions restent en vigueur. Le Conseil donne son accord à l'unanimité.,unanimous,,,,3,3,https://web.archive.org/web/20061123183038/http://www.montolieu.fr/docs/CRCM140106.pdf#page=3,,
2006-01-14,archive,5,,"La hauteur maximale des constructions est ramenée à 6,70 mètres du sol existant jusqu'à l'égout de toiture contre 8 mètres du sol existant jusqu'au sommet du bâtiment. Le Conseil donne son accord à l'unanimité.",unanimous,,,,2,2,https://web.archive.org/web/20061123183038/http://www.montolieu.fr/docs/CRCM140106.pdf#page=2,,
2006-01-14,archive,4,,Les autres dispositions restent en vigueur. Le Conseil donne son accord à l'unanimité.,unanimous,,,,2,2,https://web.archive.org/web/20061123183038/http://www.montolieu.fr/docs/CRCM140106.pdf#page=2,,
2006-01-14,archive,3,,"Délibération budgétaires modificatives. Monsieur le Maire informe le Conseil que suite à des dépassements sur certains articles, il y a lieu de procéder aux modifications budgétaires suivantes. 60612 [name withheld] Electricité - 4 000 €uros 60632 [name withheld] équipements - 3 000 €uros 022 Dépenses imprévues - 1 100 €uros 6413 [name withheld] non titulaires + 6 000 €uros 6451 [name withheld] à l'URSSAF + 1 000 €uros 6611 Intérêts des emprunts + 1 100 …",unanimous,,,,2,2,https://web.archive.org/web/20061123183038/http://www.montolieu.fr/docs/CRCM140106.pdf#page=2,,
2006-01-14,archive,2,,"Monsieur le Maire propose de fixer le montant du loyer à 300 €uros. Le Conseil donne son accord à l'unanimité."" Après ces modifications le compte-rendu du Conseil Municipal du 14 Octobre 2005 est adopté à l'unanimité.",unanimous,,,,2,2,https://web.archive.org/web/20061123183038/http://www.montolieu.fr/docs/CRCM140106.pdf#page=2,,
2006-01-14,archive,1,,"… ces travaux, Monsieur le Maire propose de créer un nouveau programme intitulé ""Logement pour handicapé"", et propose d'alimenter ce programme en prélevant la somme 6 000 €uros sur le programme ""Construction d'un garage"". POUR : 13 CONTRE : 1 Madame [name withheld] fait remarquer que le vote demandé au Conseil intervient après la réalisation des travaux et que cette pratique n'est pas admissible.",majority,,13,,1,1,https://web.archive.org/web/20061123183038/http://www.montolieu.fr/docs/CRCM140106.pdf#page=1,,
2005-10-14,archive,9,,"Le Centre de Gestion se propose de se charger de l'appel d'offre pour le contrat d'assurance des risques statutaires, ce dernier arrivant à échéance le 31 Décembre 2006. Le Conseil donne son accord à l'unanimité.",unanimous,,,,4,4,https://web.archive.org/web/20061123183052/http://www.montolieu.fr/docs/CRCM141005.pdf#page=4,,
2005-10-14,archive,8,,Monsieur [name withheld] informe le Conseil que France Télécom souhaite supprimer la cabine téléphonique située sur le parking de la Piscine. Le Conseil à l'unanimité est contre cette proposition et en informera France Télécom.,unanimous,,,,4,4,https://web.archive.org/web/20061123183052/http://www.montolieu.fr/docs/CRCM141005.pdf#page=4,,
2005-10-14,archive,7,,"La Société [name withheld], représentée par Monsieur [name withheld] a fait une offre à 813,28 € T.T.C pour la réalisation de ces travaux. Le Conseil donne son accord à l'unanimité.",unanimous,,,,3,3,https://web.archive.org/web/20061123183052/http://www.montolieu.fr/docs/CRCM141005.pdf#page=3,,
2005-10-14,archive,6,,"Mademoiselle [name withheld] a présenté un projet d'aménagement du terrain [name withheld], mais le P.O.S actuel ne permet pas de réaliser ces aménagements. De ce fait, Monsieur [name withheld] expose au Conseil que le P.O.S tel qu'il a été approuvé le 23 Mars 2000, nécessite quelques remaniements afin de donner un caractère plus urbain aux zones constructibles proches du vieux village : mixité, densification, distances par rapport aux voies etc… Le Conseil donne son accord à l'unanimité.",unanimous,,,,3,3,https://web.archive.org/web/20061123183052/http://www.montolieu.fr/docs/CRCM141005.pdf#page=3,,
2005-10-14,archive,5,,La Commune cède à Monsieur [name withheld] la parcelle : Section A n°562 d'une contenance de 358 m2. Le Conseil donne son accord à l'unanimité.,unanimous,,,,3,3,https://web.archive.org/web/20061123183052/http://www.montolieu.fr/docs/CRCM141005.pdf#page=3,,
2005-10-14,archive,4,,Monsieur le Maire propose de fixer le montant du loyer à 300 €uros. Le Conseil donne son accord à l'unanimité.,unanimous,,,,2,2,https://web.archive.org/web/20061123183052/http://www.montolieu.fr/docs/CRCM141005.pdf#page=2,,
2005-10-14,archive,3,,"… ces travaux, Monsieur le Maire propose de créer un nouveau programme intitulé ""Logement pour handicapé"", et propose d'alimenter ce programme en prélevant la somme 6 000 €uros sur le programme ""Construction d'un garage"". POUR : 13 CONTRE : 1 Madame [name withheld] fait remarquer que le vote demandé au Conseil intervient après la réalisation des travaux et que cette pratique n'est pas admissible.",majority,,13,,2,2,https://web.archive.org/web/20061123183052/http://www.montolieu.fr/docs/CRCM141005.pdf#page=2,,
2005-10-14,archive,2,,Subvention exceptionnelle aux Anciens d'Algérie. Le Conseil à l'unanimité décide de prélever la somme de 400 €uros sur la subvention non affectée de l'article 6574 – subvention aux associations.,unanimous,,,,1,1,https://web.archive.org/web/20061123183052/http://www.montolieu.fr/docs/CRCM141005.pdf#page=1,,
2005-10-14,archive,1,,Secrétariat de séance : [name withheld] Le compte-rendu du Conseil Municipal du 25 Juin 2005 est adopté à l'unanimité.,unanimous,,,,1,1,https://web.archive.org/web/20061123183052/http://www.montolieu.fr/docs/CRCM141005.pdf#page=1,,
2005-06-25,archive,4,,Monsieur le Maire informe le Conseil de la demande de la Commune de [name withheld] pour adhérer au Syndicat des Eaux. Le Conseil donne son accord à l'unanimité.,unanimous,,,,2,2,https://web.archive.org/web/20061123182917/http://www.montolieu.fr/docs/CRCM250605.pdf#page=2,,
2005-06-25,archive,3,,"… d'un montant de 17000 €uros concernant la réfection de voirie de divers chemins communaux (Le [name withheld] de [name withheld], les ateliers communaux, la [name withheld], les [name withheld] du [name withheld] ). Le Conseil donne son accord sauf Madame [name withheld] qui s'abstient.",majority,,,1,2,2,https://web.archive.org/web/20061123182917/http://www.montolieu.fr/docs/CRCM250605.pdf#page=2,,
2005-06-25,archive,2,,"… le Conseil qu'il y a lieu de définir pour chaque demande de permis de construire le taux de participation du pétitionnaire, pouvant aller de 0 à 100 %, pour le financement de tous les travaux de voirie et réseaux. Le Conseil donne son accord à l'unanimité.",unanimous,,,,2,2,https://web.archive.org/web/20061123182917/http://www.montolieu.fr/docs/CRCM250605.pdf#page=2,,
2005-06-25,archive,1,,"Monsieur [name withheld] est désigné comme secrétaire de séance. Le compte-rendu du Conseil Municipal du 22 Avril 2005 est adopté à l'unanimité après rectification sur demande Madame [name withheld], concernant les termes ""étrangers"" pour la location du Foyer, à remplacer par les termes ""personnes étrangères à la Commune"" – ensuite préciser que le Conseil décide de la validité de l'abonnement et du ticket d'entrée pour la journée à la piscine municipale.",unanimous,,,,1,1,https://web.archive.org/web/20061123182917/http://www.montolieu.fr/docs/CRCM250605.pdf#page=1,,
2005-05-22,archive,8,,"Afin d'encourager les nouveaux commerçants et artisans qui souhaiteraient s'installer sur la commune, Monsieur le Maire propose au Conseil de les exonérer de taxe professionnelle pendant deux ans. Le Conseil donne son accord à l'unanimité.",unanimous,,,,5,5,https://web.archive.org/web/20061123183136/http://www.montolieu.fr/docs/CRCM220405.pdf#page=5,,
2005-05-22,archive,7,,"Madame [name withheld] précise qu'il faut encourager le [name withheld] des [name withheld] pour l'organisation de cette manifestation. Le Conseil, à l'unanimité, décide d'attribuer une subvention de 300 € au [name withheld] des [name withheld] pour l'organisation de la [name withheld] de la [name withheld], sur présentation de factures.",unanimous,,,,5,5,https://web.archive.org/web/20061123183136/http://www.montolieu.fr/docs/CRCM220405.pdf#page=5,,
2005-05-22,archive,6,,"Piscine Municipale : Adultes : 2 € Enfants : 1 € [name withheld] adultes : 15 € [name withheld] enfants : 8 € Le Conseil approuve ces tarifs à l'unanimité. Taxes communales 2005 : Monsieur le Maire propose au Conseil de reconduire les taux des contributions directes du budget [name withheld]/2004 au budget [name withheld]/2005 : Taxe d'habitation : 18,58 % Taxe foncière sur les propriétés bâties : 27,86 % Taxe foncière sur les propriétés non bâties : 87,68 % Taxe professionnelle : 14,33 % Ces taux sont adoptés à l'unanimité.",unanimous,,,,4,4,https://web.archive.org/web/20061123183136/http://www.montolieu.fr/docs/CRCM220405.pdf#page=4,,
2005-05-22,archive,5,,… : 100 € Location Foyer aux étrangers : 300 € Location cuisine Foyer : 30 € Forfait laveuse obligatoire : 30 € Caution Foyer : 200 € Caution Foyer aux étrangers : 500 € Le Conseil approuve ces tarifs à l'unanimité. Piscine Municipale : Adultes : 2 € Enfants : 1 € [name withheld] adultes : 15 € [name withheld] enfants : 8 € Le Conseil approuve ces tarifs à l'unanimité.,unanimous,,,,4,4,https://web.archive.org/web/20061123183136/http://www.montolieu.fr/docs/CRCM220405.pdf#page=4,,
2005-05-22,archive,4,,Location Foyer aux associations : Gratuit Location Foyer aux [name withheld] : 100 € Location Foyer aux étrangers : 300 € Location cuisine Foyer : 30 € Forfait laveuse obligatoire : 30 € Caution Foyer : 200 € Caution Foyer aux étrangers : 500 € Le Conseil approuve ces tarifs à l'unanimité.,unanimous,,,,4,4,https://web.archive.org/web/20061123183136/http://www.montolieu.fr/docs/CRCM220405.pdf#page=4,,
2005-05-22,archive,3,,Comptes de Gestions 2004 [name withheld] C.C.A.S Monsieur le Maire propose au Conseil d'approuver les comptes de gestions dressés par Madame [name withheld] du Trésor à [name withheld]. Les comptes des gestions sont approuvés à l'unanimité.,unanimous,,,,2,2,https://web.archive.org/web/20061123183136/http://www.montolieu.fr/docs/CRCM220405.pdf#page=2,,
2005-05-22,archive,2,,"Le Conseil donne son accord à l'unanimité. Monsieur le Maire se retire de la salle et Monsieur [name withheld] demande au Conseil d'approuver les différents comptes administratifs : Les résultats des votes sont : Compte Administratif [name withheld]/2004 : POUR : 7 ([name withheld] avec procuration, [name withheld] avec procuration, [name withheld]) CONTRE : 6 ([name withheld] C., [name withheld] D. avec procuration, [name withheld] avec procuration, [name …",majority,,6,,2,2,https://web.archive.org/web/20061123183136/http://www.montolieu.fr/docs/CRCM220405.pdf#page=2,,
2005-05-22,archive,1,,"… d'investissement : 1 294,70 € Après la présentation des différents comptes administratifs, Monsieur le Maire propose au Conseil que Monsieur [name withheld] préside la séance des votes des comptes administratifs. Le Conseil donne son accord à l'unanimité.",unanimous,,,,2,2,https://web.archive.org/web/20061123183136/http://www.montolieu.fr/docs/CRCM220405.pdf#page=2,,
2005-03-18,archive,10,,"Monsieur le Maire informe le Conseil qu'il y a lieu de passer un contrat avec [name withheld] pour la 2ème tranche de travaux pour la piscine municipale pour un montant de 70520,00 €uros H.T. Le Conseil donne son accord à l'unanimité.",unanimous,,,,2,2,https://web.archive.org/web/20061123182956/http://www.montolieu.fr/docs/CRCM180305.pdf#page=2,,
2005-03-18,archive,9,,… informe le Conseil que les services de la D.D.E. demandent une délibération du Conseil Municipal autorisant le Maire à agir au nom de la Commune pour le permis de construire des logements sociaux de l'école maternelle. Le Conseil donne son accord à l'unanimité. 2ème tranche travaux piscine municipale.,unanimous,,,,2,2,https://web.archive.org/web/20061123182956/http://www.montolieu.fr/docs/CRCM180305.pdf#page=2,,
2005-03-18,archive,8,,"Deux géomètres ont répondu : GUENERET pour 1136,20 €uros, [name withheld] pour 1187,10 €uros. Le Conseil demande qu'un devis soit demandé pour le bornage de la totalité du chemin et donne son accord à l'unanimité pour prendre le moins cher.",unanimous,,,,2,2,https://web.archive.org/web/20061123182956/http://www.montolieu.fr/docs/CRCM180305.pdf#page=2,,
2005-03-18,archive,7,,"Cette participation représenterait 416,40 €uros/an. Le Conseil donne son accord à l'unanimité pour cette participation.",unanimous,,,,2,2,https://web.archive.org/web/20061123182956/http://www.montolieu.fr/docs/CRCM180305.pdf#page=2,,
2005-03-18,archive,6,,"Détermination du tarif de la surtaxe eau exercice 2005 : Monsieur le Maire informe le Conseil qu'il y a lieu de se prononcer sur le financement de la surtaxe due au Syndicat [name withheld] Le Conseil, à l'unanimité décide d'appliquer le tarif du 2ème semestre 2004 à savoir 0,36 €/m3.",unanimous,,,,2,2,https://web.archive.org/web/20061123182956/http://www.montolieu.fr/docs/CRCM180305.pdf#page=2,,
2005-03-18,archive,5,,"… 2005, relative aux modifications apportées aux statuts de la Communauté dans le cadre des nouvelles dispositions concernant la définition de l'intérêt communautaire introduites par la Loi n°2004-809 du 13 Août 2004. Le Conseil approuve à l'unanimité les modifications statutaires.",unanimous,,,,1,1,https://web.archive.org/web/20061123182956/http://www.montolieu.fr/docs/CRCM180305.pdf#page=1,,
2005-03-18,archive,4,,… de passer une convention avec la [name withheld] concernant l'inventaire descriptif du mobilier de la [name withheld] municipale pour une valeur de 29 392 €uros en dépôt lequel la Commune doit souscrire une assurance. Le Conseil donne son accord à l'unanimité.,unanimous,,,,1,1,https://web.archive.org/web/20061123182956/http://www.montolieu.fr/docs/CRCM180305.pdf#page=1,,
2005-03-18,archive,3,,Quelques corrections sont apportées au fur et à mesure de la lecture des articles. Le Conseil donne son accord à l'unanimité après correction.,unanimous,,,,1,1,https://web.archive.org/web/20061123182956/http://www.montolieu.fr/docs/CRCM180305.pdf#page=1,,
2005-03-18,archive,2,,Il en ressort aucune observation particulière. Le Conseil adopte les conclusions sauf Madame [name withheld] qui s'abstient.,majority,,,1,1,1,https://web.archive.org/web/20061123182956/http://www.montolieu.fr/docs/CRCM180305.pdf#page=1,,
2005-03-18,archive,1,,"Madame [name withheld] déclare qu'elle ne signera pas le compte-rendu, et demande de rectifier qu'elle ne s'est pas abstenue au sujet du vote de l'achat du terrain [name withheld]. Le compte-rendu est adopté à la majorité et on passe ensuite à l'ordre du jour.",majority,,,,1,1,https://web.archive.org/web/20061123182956/http://www.montolieu.fr/docs/CRCM180305.pdf#page=1,,
2005-02-10,archive,3,,"Le Conseil, à l'unanimité, n'est pas favorable à un tel échange car la parcelle communale [name withheld] n°416 permet l'accès à des terrains privés donnant sur le ravin et il y a donc servitude de passage.",unanimous,,,,3,3,https://web.archive.org/web/20051014125712/http://www.montolieu.fr/docs/CRCM100205.pdf#page=3,,
2005-02-10,archive,2,,"Monsieur le Maire demande au Conseil d'inscrire au budget 2005 l'opération d'achat du terrain [name withheld] en dépense et en recettes, car celle-ci n'avait pas été programmée au budget 2004. POUR : 12 ABSTENTION : 2 ([name withheld] avec procuration).",majority,,,12,2,2,https://web.archive.org/web/20051014125712/http://www.montolieu.fr/docs/CRCM100205.pdf#page=2,,
2005-02-10,archive,1,,Le Conseil donne son accord pour contracter un emprunt auprès de la [name withheld] d'Epargne dans les conditions ci-dessus. Madame [name withheld] (avec procuration de Mademoiselle [name withheld]) précise qu'elle s'abstient pour les mêmes raisons citées ci-avant.,majority,,,1,2,2,https://web.archive.org/web/20051014125712/http://www.montolieu.fr/docs/CRCM100205.pdf#page=2,,
2005-01-25,archive,1,,"Madame [name withheld] déclare qu'elle ne signera pas le compte-rendu, considérant qu'il ne relate pas entièrement ce qui a été dit. Le compte-rendu est adopté à la majorité.",majority,,,,1,1,https://web.archive.org/web/20051014125508/http://www.montolieu.fr/docs/CRCM250105.pdf#page=1,,
2005-01-07,archive,5,,Monsieur le Maire propose la Maison [name withheld] – rue pavée. Le Conseil donne son accord à l'unanimité.,unanimous,,,,3,3,https://web.archive.org/web/20051014125650/http://www.montolieu.fr/docs/CRCM050105.pdf#page=3,,
2005-01-07,archive,4,,Il propose la somme de 1000 € qui sera prélevée sur le C.C.A.S. POUR : 10 ABSTENTION : 1.,majority,,,10,2,2,https://web.archive.org/web/20051014125650/http://www.montolieu.fr/docs/CRCM050105.pdf#page=2,,
2005-01-07,archive,3,,"Une fois les chiffres connus, le Conseil pourra se prononcer définitivement. Le Conseil décide de pousser l'étude par : POUR : 10 ABSTENTION : 2.",majority,,,10,2,2,https://web.archive.org/web/20051014125650/http://www.montolieu.fr/docs/CRCM050105.pdf#page=2,,
2005-01-07,archive,2,,Monsieur le Maire demande au Conseil de se prononcer sur l'instauration de cette taxe. POUR : 10 ABSTENTION : 2.,majority,,,10,1,1,https://web.archive.org/web/20051014125650/http://www.montolieu.fr/docs/CRCM050105.pdf#page=1,,
2005-01-07,archive,1,,"Monsieur le Maire demande au conseil de se prononcer sur l'achat du terrain pour une surface de 5193 m2 à 13 €uros, soit 67509 €uros. Le Conseil donne son accord à l'unanimité.",unanimous,,,,1,1,https://web.archive.org/web/20051014125650/http://www.montolieu.fr/docs/CRCM050105.pdf#page=1,,
2004-12-04,archive,8,,Monsieur le Maire demande ensuite de passer au vote pour l’installation d’une petite boucherie : 13 contre dont deux abstentions. Création d’un atelier-relais boucherie : 13 pour dont deux abstentions.,majority,,,2,3,3,https://web.archive.org/web/20041219055342/http://www.montolieu.fr/docs/CRCM041204.pdf#page=3,,
2004-12-04,archive,7,,"Monsieur le Maire informe le Conseil qu’un opérateur se porterait acquéreur de la boulangerie, sous réserve d’un coût acceptable, pour y faire du locatif ainsi que sur le terrain [name withheld]. Monsieur le Maire demande ensuite de passer au vote pour l’installation d’une petite boucherie : 13 contre dont deux abstentions.",majority,,13,2,3,3,https://web.archive.org/web/20041219055342/http://www.montolieu.fr/docs/CRCM041204.pdf#page=3,,
2004-12-04,archive,6,,"… ont souhaité poursuivre le soutien financier aux actions socio-culturelles, éducatives et sportives en faveur des enfants. 2 élèves montolivains sont actuellement scolarisés au [name withheld] de [name withheld]. Le Conseil, à l’unanimité, sauf Monsieur [name withheld] de ce collège qui s’abstient, DECIDE d’adhérer au [name withheld].S.E. du [name withheld] de [name withheld].",unanimous,,,1,3,3,https://web.archive.org/web/20041219055342/http://www.montolieu.fr/docs/CRCM041204.pdf#page=3,,
2004-12-04,archive,5,,"Le Conseil donne son accord pour la construction d’une cloison à l’étage, par l’entreprise [name withheld]. Pour ce qui est de l’espace vitré au [name withheld], 3 Devis sont parvenus en Mairie à savoir : LABEUR : 2020,04 Euros [name withheld] 2032,20 Euros [name withheld] : 1750,94 Euros Le Conseil à l’unanimité choisit l’entreprise [name withheld].",unanimous,,,,3,3,https://web.archive.org/web/20041219055342/http://www.montolieu.fr/docs/CRCM041204.pdf#page=3,,
2004-12-04,archive,4,,"Monsieur le Maire informe le Conseil que 4 [name withheld] ont été contactés pour effectuer les relevés du terrain [name withheld]. Monsieur [name withheld] est retenu à l’unanimité pour un montant de 1100,32 Euros T.T.C.",unanimous,,,,3,3,https://web.archive.org/web/20041219055342/http://www.montolieu.fr/docs/CRCM041204.pdf#page=3,,
2004-12-04,archive,3,,Monsieur [name withheld] répond que ce n’est pas obligatoire. Le Conseil vote à l’unanimité le choix de l’entreprise [name withheld],unanimous,,,,2,2,https://web.archive.org/web/20041219055342/http://www.montolieu.fr/docs/CRCM041204.pdf#page=2,,
2004-12-04,archive,2,,Monsieur [name withheld] expose les différents pourcentages d’augmentation. Le Conseil donne son accord à l’unanimité et il y a lieu de demander une subvention.,unanimous,,,,1,1,https://web.archive.org/web/20041219055342/http://www.montolieu.fr/docs/CRCM041204.pdf#page=1,,
2004-12-04,archive,1,,"Après discussion, le Conseil décide que les réunions aient lieu le soir et principalement le Vendredi soir. Le Compte rendu du 16.10.2004 étant adopté à la majorité, on passe à l’Ordre du Jour. 2° TRANCHE TRAVAUX PISCINE MUNICIPALE.",majority,,,,1,1,https://web.archive.org/web/20041219055342/http://www.montolieu.fr/docs/CRCM041204.pdf#page=1,,
2004-10-16,archive,5,,"… le Préfet de l'Aude : ""Monsieur le Préfet, Alors qu'ils pensaient le projet abandonné, les [name withheld] ont appris que les démarches pour la création d'une ferme éolienne sur [name withheld], étaient relancées. Aussi, le Conseil Municipal, dans sa séance du 16 Octobre dernier, a manifesté par 10 voix contre et 3 pour, son opposition à ce projet.",majority,,10,,3,3,https://web.archive.org/web/20041225055244/http://www.montolieu.fr/docs/CRCM161004.pdf#page=3,,
2004-10-16,archive,4,,"Monsieur [name withheld] rappelle que les précédents [name withheld] Municipaux ont été hostiles à la vente de parcelle communale. Après discussion, le Conseil Municipal, à l'unanimité, décide de vendre à Monsieur [name withheld] ladite parcelle pour la somme de 2 000 €.",unanimous,,,,2,2,https://web.archive.org/web/20041225055244/http://www.montolieu.fr/docs/CRCM161004.pdf#page=2,,
2004-10-16,archive,3,,La construction d'un nouveau relais et le déplacement de l'actuel seront à la charge de [name withheld]. Le Conseil donne son accord à l'unanimité pour l'achat d'une parcelle de 150 m2 à Mademoiselle [name withheld].,unanimous,,,,1,1,https://web.archive.org/web/20041225055244/http://www.montolieu.fr/docs/CRCM161004.pdf#page=1,,
2004-10-16,archive,2,,Monsieur [name withheld] propose d'échanger un morceau de parcelle attenante à celle du relais à condition que la Commune lui rétrocède les chemins communaux traversant sa propriété sur le plateau de [name withheld]. Le Conseil est CONTRE la proposition de Monsieur [name withheld] à l'unanimité.,unanimous,,,,1,1,https://web.archive.org/web/20041225055244/http://www.montolieu.fr/docs/CRCM161004.pdf#page=1,,
2004-10-16,archive,1,,Les Médecins et la [name withheld] seront informés de l'achat de cette parcelle. Le Conseil donne son accord à l'unanimité pour l'achat de ce terrain à 13€/m2 après que le bornage définitif aura été effectué par un Géomètre Expert.,unanimous,,,,1,1,https://web.archive.org/web/20041225055244/http://www.montolieu.fr/docs/CRCM161004.pdf#page=1,,
2004-08-17,archive,6,,"Questions diverses : Place du [name withheld] : Mademoiselle [name withheld], architecte, sera contactée pour cette affaire. Vente du tracteur [name withheld] à la demande de Monsieur [name withheld] pour la somme de 300 euros : accord du Conseil à l’unanimité.",unanimous,,,,3,3,https://web.archive.org/web/20041219055337/http://www.montolieu.fr/docs/CRCM170804.pdf#page=3,,
2004-08-17,archive,5,,"Monsieur [name withheld], chargé de ce dossier, est arrivé à un montant de 250 Euros par mois. Le Conseil donne son accord à l’unanimité, en précisant que la taxe foncière sera supportée par le locataire.",unanimous,,,,2,2,https://web.archive.org/web/20041219055337/http://www.montolieu.fr/docs/CRCM170804.pdf#page=2,,
2004-08-17,archive,4,,"Le Conseil donne son accord pour que ce chemin soit cédé à la Commune et donc entretenu par elle, l’ancien chemin sera réouvert pour accéder à l’Izoul. Le Conseil donne son acoord à l’unanimité.",unanimous,,,,1,1,https://web.archive.org/web/20041219055337/http://www.montolieu.fr/docs/CRCM170804.pdf#page=1,,
2004-08-17,archive,3,,"La rémunération de l’architecte s’élève à 12 %. Mesdames [name withheld] s’abstiennent, les reste du Conseil donne son accord et autorise le Maire à signer la convention avec Monsieur [name withheld].",majority,,,1,1,1,https://web.archive.org/web/20041219055337/http://www.montolieu.fr/docs/CRCM170804.pdf#page=1,,
2004-08-17,archive,2,,"Il propose de passer une convention avec le Cabinet de Mademoiselle [name withheld], 54, Rue des [name withheld] à Carcassonne. Le Conseil donne son accord à l’unanimité, Madame [name withheld] précisant que cette affaire dure depuis un an.",unanimous,,,,1,1,https://web.archive.org/web/20041219055337/http://www.montolieu.fr/docs/CRCM170804.pdf#page=1,,
2004-08-17,archive,1,,[name withheld] procuration à [name withheld] D. [name withheld] procuration à [name withheld]. Le compte-rendu du 14 mai 2004 est adopté à l’unanimité.,unanimous,,,,1,1,https://web.archive.org/web/20041219055337/http://www.montolieu.fr/docs/CRCM170804.pdf#page=1,,
2004-05-14,archive,11,,Location des chaises pour les Associations. Le Conseil à l'unanimité décide la gratuité du prêt des chaises aux Association [name withheld].,unanimous,,,,5,5,https://web.archive.org/web/20041225055309/http://www.montolieu.fr/docs/CRCM140504.pdf#page=5,,
2004-05-14,archive,10,,Monsieur le Maire propose en conséquence d'intégrer ces communes auSyndicat [name withheld] des Eaux de la [name withheld] Le Conseil donne son accord à l'unanimité.,unanimous,,,,4,4,https://web.archive.org/web/20041225055309/http://www.montolieu.fr/docs/CRCM140504.pdf#page=4,,
2004-05-14,archive,9,,Monsieur le Maire informe le Conseil que les Communes de [name withheld] ont demandé leur adhésion au Syndicat [name withheld] des Eaux de la [name withheld] Cette décision a été acceptée à l'unanimité au cours de la dernière assemblée générale et peut se faire sans inconvénient pour les autres communes du Syndicat.,unanimous,,,,4,4,https://web.archive.org/web/20041225055309/http://www.montolieu.fr/docs/CRCM140504.pdf#page=4,,
2004-05-14,archive,8,,"Monsieur le Maire expose au Conseil qu'il y a lieu de se prononcer sur l'adhésion à la charte ""Pays [name withheld]"" et au périmètre définitif. Le Conseil donne son accord à l'unanimité.",unanimous,,,,4,4,https://web.archive.org/web/20041225055309/http://www.montolieu.fr/docs/CRCM140504.pdf#page=4,,
2004-05-14,archive,7,,La Société d'Etanchéité du [name withheld] a fait une proposition à 1 650 €. Le Conseil à l'unanimité décide de retenir La Société d'Etanchéité du [name withheld].,unanimous,,,,3,3,https://web.archive.org/web/20041225055309/http://www.montolieu.fr/docs/CRCM140504.pdf#page=3,,
2004-05-14,archive,6,,"… une demande de subvention la plus élevée possible auprès de la [name withheld] de la [name withheld] et des [name withheld], afin d'aider au financement des diverses activités du Contrat [name withheld] Local. Le Conseil donne son accord à l'unanimité.",unanimous,,,,3,3,https://web.archive.org/web/20041225055309/http://www.montolieu.fr/docs/CRCM140504.pdf#page=3,,
2004-05-14,archive,5,,"Il propose au Conseil de donner son accord : Autorisation d'utiliser le mât existant ou possibilité de le changer pour les installations souhaitées sur l'emplacement actuel. Pour : 12 Abstention : 1 [name withheld] aire de jeux, place publique.",majority,,,12,2,2,https://web.archive.org/web/20041225055309/http://www.montolieu.fr/docs/CRCM140504.pdf#page=2,,
2004-05-14,archive,4,,Monsieur [name withheld] précise que toutes les communes ne réalisent pas de P.L.U (carte communale…) et qu'il y a lieu pour chaque commune de passer convention avec la D.D.E. Le Conseil donne son accord à l'unanimité.,unanimous,,,,2,2,https://web.archive.org/web/20041225055309/http://www.montolieu.fr/docs/CRCM140504.pdf#page=2,,
2004-05-14,archive,3,,"… au Conseil de passer convention avec le Cabinet E.C.E.P pour la mise en place d'un P.L.U pour un montant de 18 107,78 € H.T et se réserve la possibilité de demander des réunion et/ou des tableaux complémentaires. Le Conseil donne son accord à l'unanimité sur l'offre de base soit 18 107,78 € H.T.",unanimous,,,,2,2,https://web.archive.org/web/20041225055309/http://www.montolieu.fr/docs/CRCM140504.pdf#page=2,,
2004-05-14,archive,2,,Monsieur [name withheld] se propose pour assurer cette fonction. Le Conseil donne son accord à l'unanimité.,unanimous,,,,1,1,https://web.archive.org/web/20041225055309/http://www.montolieu.fr/docs/CRCM140504.pdf#page=1,,
2004-05-14,archive,1,,"… sur la gestion des travaux et l'entretien des biens communaux ; que ce vote de désapprobation n'empêche pas les Conseillers en question de participer aux études et de collaborer aux projets lorsqu'il sont mis en œuvre. Après ces rectifications, le procès-verbal est approuvé à l'unanimité.",unanimous,,,,1,1,https://web.archive.org/web/20041225055309/http://www.montolieu.fr/docs/CRCM140504.pdf#page=1,,
2004-04-30,archive,11,,"… le Préfet : ""Monsieur Le Préfet, Le projet d’implantation d’éoliennes sur la commune voisine de [name withheld], qui fait actuellement l’objet d’une enquête publique, cause aux [name withheld] un grand embarras. Le Conseil Municipal dans sa réunion du 30 avril dernier, a abordé ce sujet et a manifesté à une large majorité son opposition au projet en question (3 pour - 12 contre).",majority,,12,,6,6,https://web.archive.org/web/20041219055321/http://www.montolieu.fr/docs/CRCM30042004.pdf#page=6,,
2004-04-30,archive,10,,"CONTRE : 7 ([name withheld] D., [name withheld] C., [name withheld] avec procurations). Budget Centre Communal d'Action Sociale : Le Conseil vote à l'unanimité le budget C.C.A.S présenté.",unanimous,,,,6,6,https://web.archive.org/web/20041219055321/http://www.montolieu.fr/docs/CRCM30042004.pdf#page=6,,
2004-04-30,archive,9,,Plusieurs conseillers demandent que soit inscrite au budget la somme de 2 287 € afin de financer la page Montolieu éditée dans le guide touristique de la [name withheld] du [name withheld]. Monsieur le Maire propose de mettre au vote cette proposition ; POUR : 10 CONTRE : 5 ([name withheld] avec procurations).,majority,,10,,5,5,https://web.archive.org/web/20041219055321/http://www.montolieu.fr/docs/CRCM30042004.pdf#page=5,,
2004-04-30,archive,8,,"Taxes communales 2004. Monsieur le Maire propose de reconduire les taux de contributions directes du budget [name withheld] 2003 au budget 2004 :  Taxe d'habitation : 18,58 %  Taxe foncière sur les propriétés bâties : 27,86 %  Taxe foncière sur les propriétés non bâties : 87,68 %  Taxe professionnelle : 14,33 % Le Conseil donne son accord à l'unanimité.",unanimous,,,,5,5,https://web.archive.org/web/20041219055321/http://www.montolieu.fr/docs/CRCM30042004.pdf#page=5,,
2004-04-30,archive,7,,Le Conseil à l'unanimité approuve ces tarifs.,unanimous,,,,5,5,https://web.archive.org/web/20041219055321/http://www.montolieu.fr/docs/CRCM30042004.pdf#page=5,,
2004-04-30,archive,6,,Monsieur le Maire demande au Conseil d'examiner les tarifs 2004 des services communaux. Il propose les tarifs suivants :  Location chaise : 1 €  Caution chaise : 10 €  Location table : 3 €  Caution table : 25 €  Location tréteau : 1 €  Caution tréteau : 5 €  Location Foyer aux Associations : Gratuit  Location Foyer aux [name withheld] : 100 €  Location Foyer aux étrangers : 300 €  Location cuisine Foyer : 30 €  Forfait laveuse obligatoire : 30 €  Caution Foyer : 200 € Monsieur le Maire …,majority,,10,,4,4,https://web.archive.org/web/20041219055321/http://www.montolieu.fr/docs/CRCM30042004.pdf#page=4,,
2004-04-30,archive,5,,"Ass. Montolieu Village du [name withheld] 7 600,00 € (12 POUR) (1 Abstention : [name withheld]) (2 CONTRE : [name withheld] & procu.) La [name withheld] de la Dure 321,00 € (15 POUR) [name withheld] 305,00 € (15 POUR) S.P.A 402,00 € (15 POUR) Ecole de [name withheld] 305,00 € (15 POUR) [name withheld].",majority,,2,1,4,4,https://web.archive.org/web/20041219055321/http://www.montolieu.fr/docs/CRCM30042004.pdf#page=4,,
2004-04-30,archive,4,,"Cult. et [name withheld]. Ecole Publique 2 340,00 € (15 POUR) Association des [name withheld] de l'Aude 129,00 € (15 POUR) Anciens d'Algérie 115,00 € (15 POUR) Anciens [name withheld] 115,00 € (15 POUR) [name withheld] de la [name withheld] 763,00 € (15 POUR) Association des [name withheld] 100,00 € (15 POUR) [name withheld] d'Animation 915,00 € (14 POUR) (1 Abstention : [name withheld]) [name withheld] du 3ème Age 305,00 € (14 POUR) (1 …",majority,,,2,3,3,https://web.archive.org/web/20041219055321/http://www.montolieu.fr/docs/CRCM30042004.pdf#page=3,,
2004-04-30,archive,3,,"Le Résultat du vote est : Monsieur [name withheld] : 7 voix ([name withheld] avec procurations) Monsieur [name withheld] : 6 voix ([name withheld] D., [name withheld] avec procutations). Abstention : 2 ([name withheld] C.) Monsieur [name withheld] est élu pour présider la séance des votes des Comptes Administratifs.",majority,,,2,2,2,https://web.archive.org/web/20041219055321/http://www.montolieu.fr/docs/CRCM30042004.pdf#page=2,,
2004-04-30,archive,2,,Monsieur le Maire propose au Conseil d'approuver les comptes de gestions dressés par Madame [name withheld] du Trésor à [name withheld]. Les comptes des gestions sont adoptés à l'unanimité.,unanimous,,,,1,1,https://web.archive.org/web/20041219055321/http://www.montolieu.fr/docs/CRCM30042004.pdf#page=1,,
2004-04-30,archive,1,,[name withheld] procuration à [name withheld] C. Secrétariat de séance : [name withheld]. Le compte-rendu de la séance du Conseil Municipal du 02 Mars 2004 est approuvé à l'unanimité.,unanimous,,,,1,1,https://web.archive.org/web/20041219055321/http://www.montolieu.fr/docs/CRCM30042004.pdf#page=1,,
2004-03-02,archive,7,,Monsieur [name withheld] souhaite que la Commune se dote d'un rétroprojecteur. Accord à l'unanimité.,unanimous,,,,6,6,https://web.archive.org/web/20041225055345/http://www.montolieu.fr/docs/CRCM02032004.pdf#page=6,,
2004-03-02,archive,6,,"… chez Madame [name withheld], rejetée par 7 voix contre ([name withheld] avec procurations), 6 pour ([name withheld] D, [name withheld] C., [name withheld] avec procuration) et 1 abstention (procuration [name withheld]). La troisième, par Monsieur [name withheld], arrachage de 4 pins et replantation immédiate, adoptée par 7 voix pour ([name withheld] avec procurations), 6 contre ([name withheld] D, [name withheld] C., [name withheld] avec procuration) et 1 abstention (procuration [name withheld]).",majority,7,6,1,3,3,https://web.archive.org/web/20041225055345/http://www.montolieu.fr/docs/CRCM02032004.pdf#page=3,,
2004-03-02,archive,5,,"… stationnement côté arbres, rejetée par 7 voix contre ([name withheld] avec procurations), 6 pour ([name withheld] D, [name withheld] C., [name withheld] avec procuration) et 1 abstention (procuration [name withheld]). La seconde, par Monsieur [name withheld], racler les racines et goudronner tel que devant chez Madame [name withheld], rejetée par 7 voix contre ([name withheld] avec procurations), 6 pour ([name withheld] D, [name withheld] C., [name withheld] avec procuration) et 1 abstention (procuration [name withheld]).",majority,,7,1,3,3,https://web.archive.org/web/20041225055345/http://www.montolieu.fr/docs/CRCM02032004.pdf#page=3,,
2004-03-02,archive,4,,"Monsieur le Maire demande à chaque élu d'exprimer son avis. Plusieurs solutions sont proposées par des Conseillers : La première, par Monsieur [name withheld], réduction de la chaussée, section des racines incriminées, stationnement côté arbres, rejetée par 7 voix contre ([name withheld] avec procurations), 6 pour ([name withheld] D, [name withheld] C., [name withheld] avec procuration) et 1 abstention (procuration [name withheld]).",majority,,7,1,3,3,https://web.archive.org/web/20041225055345/http://www.montolieu.fr/docs/CRCM02032004.pdf#page=3,,
2004-03-02,archive,3,,… précise que la Maison [name withheld] restera propriété de la Commune et que la mise à disposition ne concernera que l'utilisation du bâtiment par la Communauté et des charges de fonctionnement qui lui incomberont. Accord à l'unanimité.,unanimous,,,,2,2,https://web.archive.org/web/20041225055345/http://www.montolieu.fr/docs/CRCM02032004.pdf#page=2,,
2004-03-02,archive,2,,"Valeur 2,2034 au 4 mars. Accord du Conseil à l'unanimité.",unanimous,,,,2,2,https://web.archive.org/web/20041225055345/http://www.montolieu.fr/docs/CRCM02032004.pdf#page=2,,
2004-03-02,archive,1,,… à 262 600 € H.T. en les répartissant sur 2004 et 2005 tout en gardant la possibilité de faire fonctionner la piscine en 2004 Monsieur [name withheld] précise que cette modification a été décidée en commission budget. Monsieur le Maire met au vote : POUR : 13 ABSTENTION : 1 ([name withheld] sans procuration).,majority,,,13,2,2,https://web.archive.org/web/20041225055345/http://www.montolieu.fr/docs/CRCM02032004.pdf#page=2,,
2003-09-20,archive,3,,… plan de financement pour lequel il convient de demander au Conseil Général de l ’Aude une subvention plus élevée à cause du mode de calcul pour la subvention du [name withheld] (prix du terrain non pris en compte). Le Conseil se prononce favorablement pour le nouveau plan de financement par 14 voix POUR et 1 ABSTENTION (Mme [name withheld]).,majority,14,,1,1,1,https://web.archive.org/web/20031030083200/http://www.montolieu.fr:80/conseil/crcm200903.html,,
2003-09-20,archive,2,,"Après quelques calculs, M. le Maire indique que le coût sera de 450 €uros par mois, charges comprises. Le Conseil se prononce par 8 voix POUR, 1 ABSTENTION (Monsieur [name withheld]) et 6 voix CONTRE (Mesdames [name withheld] Monsieur [name withheld] avec procurations).",majority,8,6,1,1,1,https://web.archive.org/web/20031030083200/http://www.montolieu.fr:80/conseil/crcm200903.html,,
2003-09-20,archive,1,,"Par ailleurs, Monsieur [name withheld] de l ’Ecole, a fait une demande d ’avance de 200 €uros afin de démarrer les activités du C.E.L 2003/2004. Le Conseil se prononce par 14 voix POUR et 1 ABSTENTION (Mme [name withheld]).",majority,14,,1,1,1,https://web.archive.org/web/20031030083200/http://www.montolieu.fr:80/conseil/crcm200903.html,,
2003-04-04,archive,7,,"… (chape destinée à compenser la différence de niveau de plancher au 1er étage) à la Maison [name withheld] doivent êtres effectués par l'Entreprise [name withheld] pour un montant de 1 317,99 €uros [name withheld]. Des travaux supplémentaires doivent être entrepris par la Société [name withheld], dans le cadre de la réfection du clocher de l'Église pour un montant de 1 499,74 €uros [name withheld]. (La bordure supérieure étant trop endommagée, la pente de la charpente devant supporter la toiture de lauzes a dû être augmentée - hauteur de la tour réduite de 30 cm -) Le Conseil donne son accord à l'unanimité.",unanimous,,,,1,1,https://web.archive.org/web/20030504065526/http://www.montolieu.fr:80/CRCM040403.html,,
2003-04-04,archive,6,,"… conformément à l'arrêté ministériel du 16/12/1983, à Monsieur [name withheld] Municipal pour l'exercice 2002 (5 mois 1/2) d'un montant de 170,60 €uros, ainsi que pour Madame [name withheld], pour l'exercice 2003. Le Conseil approuve à l'unanimité.",unanimous,,,,1,1,https://web.archive.org/web/20030504065526/http://www.montolieu.fr:80/CRCM040403.html,,
2003-04-04,archive,5,,Monsieur le Maire propose au Conseil d'approuver les comptes de gestions dressés par Madame [name withheld] Municipal à [name withheld]. Ces derniers sont adoptés à l'unanimité.,unanimous,,,,1,1,https://web.archive.org/web/20030504065526/http://www.montolieu.fr:80/CRCM040403.html,,
2003-04-04,archive,4,,Madame [name withheld] demande au Conseil d'approuver le Compte Administratif Lotissement. Ce dernier est adopté à l'unanimité.,unanimous,,,,1,1,https://web.archive.org/web/20030504065526/http://www.montolieu.fr:80/CRCM040403.html,,
2003-04-04,archive,3,,"Madame [name withheld] et Messieurs [name withheld] demandent également ce procédé de vote. Après dépouillement, le résultat du vote est : POUR : 7 CONTRE : 7 La voix du [name withheld] n'étant pas prépondérante dans le cas d'un vote à bulletin secret, le Compte Administratif [name withheld] n'est ni approuvé, ni rejeté.",majority,,7,,1,1,https://web.archive.org/web/20030504065526/http://www.montolieu.fr:80/CRCM040403.html,,
2003-04-04,archive,2,,Madame [name withheld] propose d’assurer ce secrétariat avec Monsieur [name withheld] Administratif. Le Conseil accepte à l'unanimité.,unanimous,,,,1,1,https://web.archive.org/web/20030504065526/http://www.montolieu.fr:80/CRCM040403.html,,
2003-04-04,archive,1,,"… avant l'été 2003 correspondent aux montants des devis présentés par Monsieur [name withheld] pour l'électricité, et par la maison [name withheld] (par l'intermédiaire de Monsieur [name withheld]) pour l'hydraulique. Le compte rendu est ensuite adopté à l’unanimité.",unanimous,,,,1,1,https://web.archive.org/web/20030504065526/http://www.montolieu.fr:80/CRCM040403.html,,
